Workbook
Name a: [1]Terminal!$F$1:$F$3
Name countif: #REF!
Name countif: #REF!
Name countif: #REF!
Name countif: #REF!
Name countif: #REF!
Name countif: #REF!
Name countif: #REF!
Name countif: #REF!
Name countif: #REF!
Name countif: #REF!
Name countif: #REF!
Name countif: #REF!
Name D: #REF!
Name D: #REF!
Name D: #REF!
Name D: #REF!
Name D: #REF!
Name D: #REF!
Name D: #REF!
Name D: #REF!
Name D: #REF!
Name D: #REF!
Name D: #REF!
Name D: #REF!
Name 公用设备大类: OFFSET(#REF!,1,0,COUNTA(#REF!)-COUNTIF(#REF!,0)-1,1)
Name 公用设备大类: OFFSET(#REF!,1,0,COUNTA(#REF!)-COUNTIF(#REF!,0)-1,1)
Name 公用设备大类: OFFSET(#REF!,1,0,COUNTA(#REF!)-COUNTIF(#REF!,0)-1,1)
Name 公用设备大类: OFFSET(#REF!,1,0,COUNTA(#REF!)-COUNTIF(#REF!,0)-1,1)
Name 公用设备大类: OFFSET(#REF!,1,0,COUNTA(#REF!)-COUNTIF(#REF!,0)-1,1)
Name 公用设备大类: OFFSET(#REF!,1,0,COUNTA(#REF!)-COUNTIF(#REF!,0)-1,1)
Name 公用设备大类: OFFSET(#REF!,1,0,COUNTA(#REF!)-COUNTIF(#REF!,0)-1,1)
Name 公用设备大类: OFFSET(#REF!,1,0,COUNTA(#REF!)-COUNTIF(#REF!,0)-1,1)
Name 公用设备大类: OFFSET(#REF!,1,0,COUNTA(#REF!)-COUNTIF(#REF!,0)-1,1)
Name 公用设备大类: OFFSET(#REF!,1,0,COUNTA(#REF!)-COUNTIF(#REF!,0)-1,1)
Name 公用设备大类: OFFSET(#REF!,1,0,COUNTA(#REF!)-COUNTIF(#REF!,0)-1,1)
Name 公用设备大类: OFFSET(#REF!,1,0,COUNTA(#REF!)-COUNTIF(#REF!,0)-1,1)
Name 公用设备名称: OFFSET(#REF!,MATCH(#REF!,#REF!,0)-1,0,COUNTIF(#REF!,#REF!),1)
Name 公用设备名称: OFFSET(#REF!,MATCH(#REF!,#REF!,0)-1,0,COUNTIF(#REF!,#REF!),1)
Name 公用设备名称: OFFSET(#REF!,MATCH(#REF!,#REF!,0)-1,0,COUNTIF(#REF!,#REF!),1)
Name 公用设备名称: OFFSET(#REF!,MATCH(#REF!,#REF!,0)-1,0,COUNTIF(#REF!,#REF!),1)
Name 公用设备名称: OFFSET(#REF!,MATCH(#REF!,#REF!,0)-1,0,COUNTIF(#REF!,#REF!),1)
Name 公用设备名称: OFFSET(#REF!,MATCH(#REF!,#REF!,0)-1,0,COUNTIF(#REF!,#REF!),1)
Name 公用设备名称: OFFSET(#REF!,MATCH(#REF!,#REF!,0)-1,0,COUNTIF(#REF!,#REF!),1)
Name 公用设备名称: OFFSET(#REF!,MATCH(#REF!,#REF!,0)-1,0,COUNTIF(#REF!,#REF!),1)
Name 公用设备名称: OFFSET(#REF!,MATCH(#REF!,#REF!,0)-1,0,COUNTIF(#REF!,#REF!),1)
Name 公用设备名称: OFFSET(#REF!,MATCH(#REF!,#REF!,0)-1,0,COUNTIF(#REF!,#REF!),1)
Name 公用设备名称: OFFSET(#REF!,MATCH(#REF!,#REF!,0)-1,0,COUNTIF(#REF!,#REF!),1)
Name 公用设备名称: OFFSET(#REF!,MATCH(#REF!,#REF!,0)-1,0,COUNTIF(#REF!,#REF!),1)
Name 专用工装设备大类: OFFSET(#REF!,1,0,COUNTA(#REF!)-COUNTIF(#REF!,0)-1,1)
Name 专用工装设备大类: OFFSET(#REF!,1,0,COUNTA(#REF!)-COUNTIF(#REF!,0)-1,1)
Name 专用工装设备大类: OFFSET(#REF!,1,0,COUNTA(#REF!)-COUNTIF(#REF!,0)-1,1)
Name 专用工装设备大类: OFFSET(#REF!,1,0,COUNTA(#REF!)-COUNTIF(#REF!,0)-1,1)
Name 专用工装设备大类: OFFSET(#REF!,1,0,COUNTA(#REF!)-COUNTIF(#REF!,0)-1,1)
Name 专用工装设备大类: OFFSET(#REF!,1,0,COUNTA(#REF!)-COUNTIF(#REF!,0)-1,1)
Name 专用工装设备大类: OFFSET(#REF!,1,0,COUNTA(#REF!)-COUNTIF(#REF!,0)-1,1)
Name 专用工装设备大类: OFFSET(#REF!,1,0,COUNTA(#REF!)-COUNTIF(#REF!,0)-1,1)
Name 专用工装设备大类: OFFSET(#REF!,1,0,COUNTA(#REF!)-COUNTIF(#REF!,0)-1,1)
Name 专用工装设备大类: OFFSET(#REF!,1,0,COUNTA(#REF!)-COUNTIF(#REF!,0)-1,1)
Name 专用工装设备大类: OFFSET(#REF!,1,0,COUNTA(#REF!)-COUNTIF(#REF!,0)-1,1)

Sheet 变更履历
A1: 序号 | B1: 零件包名称 | C1: 线束零件号 | D1: 零件名称 | E1: 临时图纸号 | F1: 正式图纸号 | G1: 客户PCR号 | H1: 内部ECN号 | I1: 对应样线订单 | J1: 变更履历 | K1: 更改时间 | L1: 备注
A2: 1 | B2: E281 | C2: 6608491523 | D2: 直流母线总成 | J2: 50mm²屏蔽镀锡铜包铝硅胶铝导线（FHLALR2GCCAATB2G/50.0/橙）导线用量由1.54m变更为1.59m； 16OR橙色编织套管（SCS2165A016）套管用量由1m变更为1.15m; 橙色布基胶带(LY5016019-OR2)布基胶带用量由4m变更为4.6m; 塑料支架E281-HB-04，数据变更，用量不变； 金属支架E281-ZJ-06，数据变更，用量不变； 新增4PCS 橡胶件 E281-XJ-09； | K2: 2025.12.29 | L2: 与报价BOM差异
J3: 1、50mm²屏蔽镀锡铜包铝硅胶铝导线（FHLALR2GCCAATB2G/50.0/橙）变更为35mm²屏蔽镀锡铜包铝导线，导线用量不变； 2、安费诺连接器总成型号： HVPC2P1600FT550-NH-P010变更为HVPC2P1600FT535-NH-P010 IPT2PFS050-S02P010变更为IPT2PFS035-S02P010 3、不带胶-热缩管型号变更： HS-125(2X)N20-30变更为HS-125(3X) 18-30，用量不变； | K3: 2026.01.04 | L3: 降线径
A4: 2 | B4: E281 | C4: 6608491524 | D4: 直流母线总成 | J4: 50mm²屏蔽镀锡铜包铝硅胶铝导线（FHLALR2GCCAATB2G/50.0/橙）导线用量由1.37m变更为1.41m； 16OR橙色编织套管（SCS2165A016）套管用量由0.85m变更为0.97m; 橙色布基胶带(LY5016019-OR2)布基胶带用量由4m变更为4.6m; 塑料支架E281-HB-03，数据变更，用量不变； 金属支架E281-ZJ-06，数据变更，用量不变； 新增4PCS 橡胶件 E281-XJ-09； | K4: 2025.12.29
J5: 1、50mm²屏蔽镀锡铜包铝硅胶铝导线（FHLALR2GCCAATB2G/50.0/橙）变更为35mm²屏蔽镀锡铜包铝导线，导线用量不变； 2、安费诺连接器总成型号： HVPC2P1600FV550-NH-P010变更为HVPC2P1600FV535-NH-P010 IPT2PFS050-S02P010变更为IPT2PFS035-S02P010 3、不带胶-热缩管型号变更： HS-125(2X)N20-30变更为HS-125(3X) 18-30，用量不变； | K5: 2026.01.04
J6: 安费诺连接器HVPC2P1600FV535-NH-P010 HVPC2P1600FV-15-P010 挡板_黑色 料号更改为HVPC2P1600FV-15P010，用量不变 HVPC2P1600FV-06-35-P010 外屏蔽环 料号更改为HVPC2P1600FV-06-35P010，用量不变 HVPC2P1600FV-12-35-P010 密封圈-黑色 料号更改为HVPC2P1600FV-12-35P010，用量不变 HVPC2P1600FV-11-35-P010 线卡-黑色 料号更改为HVPC2P1600FV-11-35P010，用量不变 HVPC2P1600FV-10-35-P010 尾盖-橙色 料号更改为HVPC2P1600FV-10-35P010，用量不变 | K6: 2026.02.05
A7: 3 | B7: E281 | C7: 6608442962 | D7: 直流母线总成 | J7: 50mm²屏蔽镀锡铜包铝硅胶铝导线（FHLALR2GCCAATB2G/50.0/橙）导线用量由1.9m变更为1.96m； 16OR橙色编织套管（SCS2165A016）套管用量由1.5m变更为1.52m; 橙色布基胶带(LY5016019-OR2)布基胶带用量由4m变更为4.6m; 塑料支架E281-HB-03，数据变更，用量不变； 金属支架E281-ZJ-06，数据变更，用量不变； 新增4PCS 橡胶件 E281-XJ-09； | K7: 2025.12.29
J8: 1、50mm²屏蔽镀锡铜包铝硅胶铝导线（FHLALR2GCCAATB2G/50.0/橙）变更为35mm²屏蔽镀锡铜包铝导线，导线用量不变； 2、安费诺连接器总成型号： HVPC2P1600FT550-NH-P010变更为HVPC2P1600FT535-NH-P010 IPT2PFS050-S02P010变更为IPT2PFS035-S02P010 3、不带胶-热缩管型号变更： HS-125(2X)N20-30变更为HS-125(3X) 18-30，用量不变； | K8: 2026.01.04
J9: 1.删除2PCS MS11-XJ-05； 2.增加2PCS E281-XJ-06，E281-XJ-06用量由2PCS变为4PCS； | K9: 2026.02.05
A10: 4 | B10: E281 | C10: 6608544875 | D10: 前驱直流母线 | J10: 50mm²屏蔽镀锡铜包铝硅胶铝导线 FHLALR2GCCAATB2G/50.0/橙变更为35mm²屏蔽镀锡铜包铝硅胶铜导线 FHLR2GCCAATB2G/35.0/橙，用量不变，供应商改为鑫宏业/斯普乐。 | K10: 2025.11.11
J11: E281-ZJ-09、E281-ZJ-10 金属支架外形变更，用量不变 | K11: 2025.12.4
B12: E281 | C12: 6608544875 | J12: 35方屏蔽铜包铝导线-FHLR2GCCAATB2G/35.0/橙导线用量由2.4m变为2.43m; 16OR橙色编织套管（SCS2165A016）套管用量由1.95m变更为2.01m; 塑料支架E281-HB-05，数据变更，用量不变； 金属支架E281-ZJ-10，数据变更，用量不变； 扎带绳111-00563用量由4PC变更为6PC； | K12: 2025.12.31
J13: 1、35mm²屏蔽镀锡铜包铝硅胶铜导线（FHLR2GCCAATB2G/35.0/橙）变更为25mm²屏蔽镀锡铜包铝硅胶铜导线（FHLR2GCCAATB2G/25.0/橙），导线用量不变； 2、安费诺连接器总成型号： HVPC2P1600FT535-NH-P010变更为HVPC2P1600FT525-NH-P010 IPT2P35P001-P010变更为IPT2P25P001-P010 3、IPT端子型号变更 3-2177380-1变更为1-2177380-1； 4、不带胶-热缩管型号变更： HS-125(2X)N20-30变更为HS-125(3X) 18-30，用量不变； | K13: 2026.01.04
J14: 1.SCS2165A016（A04101476）变更为SCS2165A013（A04101537），套管用量不变； | K14: 2026.03.02 | L14: 内部VAVE
J15: 扎带绳111-00563用量由4PC变更为7PC。 | K15: 2026.03.08
A16: 5 | B16: E281 | C16: 6608442964 | D16: 电动压缩机线束总成 | J16: YGC1612-EV-P2PNA2-6连接器更改为YGC1612-EV-PW2PNA2-4连接器，删除原有散件，用量不变。 | K16: 2025.11.11
B17: E281 | C17: 6608442964 | D17: 电动压缩机线束总成 | J17: 4.0mm²屏蔽镀锡铜包铝交联铝导线（FHLALR91XCCAATB91X/4.0/橙）导线用量由1.5m变更为1.59m; 橙色布基胶带(LY5016019-OR2)橙色布基胶带用量由0.4m变更为1.2m; 删除1PCS M6竖置螺柱卡PP9122201（A06101666）; 删除1PCS M6抬高螺柱卡PP9114201（A06003890）； 增加1PCS 7*12竖向杉树卡PP9118501（A06004939）； 增加1PCS T5抬高螺柱卡156-03490（A06101040）； 亚化 PVC胶带由P111W0192510002变更为P111W0192510003，用量不变； | K17: 2025.12.29
J18: 增加1PCS小扎带 111-00563； 增加1PCS橡胶件 E281-XJ-09； YGC1612-EV-PW2PNA2-4连接器型号变为YGC1612-EV-P2PWNA1-4，连接器散件按照永贵提供的资料更新 | K18: 2026.02.05
A19: 6 | B19: E281 | C19: 6608442963 | D19: 电动压缩机线束总成 | J19: YGC1612-EV-P2PNA2-6连接器更改为YGC1612-EV-PW2PNA2-4连接器，删除原有散件，用量不变。 | K19: 2025.11.11
B20: E281 | C20: 6608442963 | D20: 电动压缩机线束总成 | J20: 4.0mm²屏蔽镀锡铜包铝交联铝导线（FHLALR91XCCAATB91X/4.0/橙）导线用量由2.2m变更为2.72m; 橙色布基胶带(LY5016019-OR2)橙色布基胶带用量由0.4m变更为1.2m; 增加垫圈E281-XJ-10，1PCS； 分线器总成型号由F02-372011-110变更为F02-372011-111； 亚化 PVC胶带由P111W0192510002变更为P111W0192510003，用量不变； 删除1PCS M6抬高螺柱卡PP9114201（A06003890）； 增加1PCS T5抬高螺柱卡156-03490（A06101040）； | K20: 2025.12.29
J21: 增加1PCS小扎带 111-00563； 橡胶件 E281-XJ-10变更为E281-XJ-09，用量不变； 删除2PCS热缩管 HS-125 7.0-20； 橙色布基胶带LY5016019-OR2用量增加0.05m； YGC1612-EV-PW2PNA2-4连接器型号变为YGC1612-EV-P2PWNA1-4，连接器散件按照永贵提供的资料更新 | K21: 2026.02.05
A22: 7 | B22: E281 | C22: 6608516992 | D22: 电动压缩机线束总成 | J22: YGC1612-EV-P2PNA2-6连接器更改为YGC1612-EV-PW2PNA2-4连接器，删除原有散件，用量不变。 | K22: 2025.11.11
B23: E281 | C23: 6608516992 | D23: 电动压缩机线束总成 | J23: 4.0mm²屏蔽镀锡铜包铝交联铝导线（FHLALR91XCCAATB91X/4.0/橙）导线用量由2.31m变更为2.53m; 橙色布基胶带(LY5016019-OR2)橙色布基胶带用量由0.4m变更为1.2m; 增加垫圈E281-XJ-10，1PCS； 分线器总成型号由F02-372011-110变更为F02-372011-111； 亚化 PVC胶带由P111W0192510002变更为P111W0192510003，用量不变； 删除1PCS M6抬高螺柱卡PP9114201（A06003890）； 增加1PCS T5抬高螺柱卡156-03490（A06101040）； | K23: 2025.12.20
J24: 增加1PCS小扎带 111-00563； 橡胶件 E281-XJ-10变更为E281-XJ-09，用量不变； 删除2PCS热缩管 HS-125 7.0-20； 橙色布基胶带LY5016019-OR2用量增加0.05m； YGC1612-EV-PW2PNA2-4连接器型号变为YGC1612-EV-P2PWNA1-4，连接器散件按照永贵提供的资料更新 | K24: 2026.02.05
A25: 8 | B25: E281 | C25: 6608519100 | D25: 电动压缩机线束总成 | J25: 1. 新增E281-HB-06塑料支架、E281-ZJ-11金属支架，用量为1PCS； 2. LY5016019-OR2橙色布基胶带用量由0.6m增加为1m； 3. PP9104320箭头扎带数量由4PCS减少为3PCS； 4. 删除PP9121201管架卡扣； 5. 新增111-00563扎带绳，用量为2PCS。 | K25: 2025.12.4
B26: E281 | C26: 6608519100 | D26: 电动压缩机线束总成 | J26: 12OR橙色波纹管（LG3305D012B）波纹管用量由0.8m变更为0.82m; 塑料支架E281-HB-06，数据变更，用量不变； 金属支架E281-ZJ-11，数据变更，用量不变； 亚化 PVC胶带由P111W0192510002变更为P111W0192510003，用量不变； | K26: 2025.12.29
J27: 金属支架E281-ZJ-11变为塑料支架E281-HB-10； 7*12箭头卡扣PP9104320数量由3PCS变为2PCS； 扎带绳111-00563数量由2PCS变为3PCS | K27: 2026.02.05
A28: 9 | B28: E281 | C28: 6608442966 | D28: 组合式充电插座线束总成 | J28: 1. 更新充电插座2523328-1 散件料号； 2. 更新低压插件1-2438787-1散件料号； 3. 更新低压插件1-2355517-5散件料号； 4.删除电子锁低压插件805-122-541，新增电子锁低压插件5-965906-5； 5.更新直流HVSPC2P1900FS112和交流HVC2PG263UFSW106-NH高压插件散件； 6.亚化 PVC胶带由P111W0192510002变更为P111W0192510003，用量不变； 7.删除塑料支架1PCS E281-HB-01和1 PCS E281-HB-02，增加1 PCS塑料支架E281-HB-07； 8.新增1 PCS橡胶件E281-XJ-11； 9.删除1 PCS M8箭头卡扣PP9108401，新增1PCS M6.5箭头卡扣126-00177； 10.删除 1PCS M5螺柱卡扣PP9123801，新增1PCS M6侧置螺柱卡PP9120801； 11.扎带绳扎带绳数量由7PCS变更为9PCS； 12.删除3 PCS 扎带绳108-00150，新增3PCS 扎带绳111-00580； 13.新增1PCS 隔线扎带绳PP9127401； | K28: 2025.12.29
J29: 1、充电插座电子锁拉绳料号由2518993-3/4变更为2518993-4 2、更新低压插件5-2385463-1的散件信息 3、热缩管变更 删除2PCS带胶-热缩管10106880； 新增2PCS带胶-热缩管-黑色HDGW 12-30； 新增4PCS不带胶-热缩管-黑色HS-125(3X) 9-30； 新增1PCS带胶-热缩管-透明HDGW 6-30； | K29: 2026.01.04
J30: 1、111-00563数量由9PCS变更为4PCS； 2、111-00580数量由3PCS变更为4PCS； 3、电子锁低压连接器总成2298159-1，端子型号由965906-1变更为5-965906-1，用量不变 4、6方接地线 FHL91X/6.0/黄绿用量增加0.03m； 5、0.5方低压线由黑色变为不同颜色； 6、LG3305D012B变更为LG3305R010B，用量不变； 备注：按照客户要求3孔橡胶件需要配合国内外做兼容，由于国内AC线为2根6方，国外AC线为4根（2根5方，2根2.5方），国内AC线采用10OR波纹管，国外AC线采用编织套管。 7、7*12箭头扎带PP9104320用量由2PCS变为3PCS； 8、删除1PCS一字卡PP9220301； 9、111-00563用量由9PCS变为4PCS； 10、111-00580用量由3PCS变为4PCS； 11、橡胶件E281-XJ-11变更为E281-XJ-09； 12.删除4PCS不带胶热缩管HS-125(3X) 9-30； | K30: 2026.02.05
J31: 1.带胶热缩管-透明由长春海达HDGW 6-30变更为双宇DPHS12-X0-5.75/1.27-L30（A04101758），用量不变； 2.防水泥由6211015110AL变更为CH101-1.5*19*100，用量不变；——防水泥暂无验证长度先不变更，待工艺验证后更改BOM； | K31: 2026.02.25 | L31: 内部VAVE待实施
J32: 橙色PVC胶带P111W0192510003用量由4.5米减少为3米； 增加黑色PVC胶带P111W1192510003，用量1.5米； | K32: 2026.03.08 | L32: 低压线上使用黑色PVC胶带
A33: 10 | B33: E281 | C33: 6608442965 | D33: 组合式充电插座线束总成 | J33: 1. 更新充电插座2523328-1 散件料号； 2. 更新低压插件1-2438787-1散件料号； 3. 更新低压插件1-2355517-5散件料号； 4.删除电子锁低压插件805-122-541，新增电子锁低压插件5-965906-5； 5.更新直流HVSPC2P1900FS112和交流HVC2PG263UFSW106-NH高压插件散件； 6.亚化 PVC胶带由P111W0192510002变更为P111W0192510003，用量不变； 7.删除塑料支架1PCS E281-HB-01和1 PCS E281-HB-02，增加1 PCS塑料支架E281-HB-07； 8.新增1 PCS橡胶件E281-XJ-11； 9.删除1 PCS M8箭头卡扣PP9108401，新增1PCS M6.5箭头卡扣126-00177； 10.删除 1PCS M5螺柱卡扣PP9123801，新增1PCS M6侧置螺柱卡PP9120801； 11.扎带绳扎带绳数量由7PCS变更为9PCS； 12.删除3 PCS 扎带绳108-00150，新增3PCS 扎带绳111-00580； 13.新增1PCS 隔线扎带绳PP9127401； | K33: 2025.12.29
J34: 1、充电插座电子锁拉绳料号由2518993-3/4变更为2518993-4 2、更新低压插件5-2385463-1的散件信息 3、热缩管变更 删除2PCS带胶-热缩管10106880； 新增2PCS带胶-热缩管-黑色HDGW 12-30； 新增4PCS不带胶-热缩管-黑色HS-125(3X) 9-30； 新增1PCS带胶-热缩管-透明HDGW 6-30； | K34: 2026.01.04
J35: 1、111-00563数量由9PCS变更为4PCS； 2、111-00580数量由3PCS变更为4PCS； 3、电子锁低压连接器总成2298159-1，端子型号由965906-1变更为5-965906-1，用量不变 4、6方接地线 FHL91X/6.0/黄绿用量增加0.03m； 5、0.5方低压线由黑色变为不同颜色； 6、LG3305D012B变更为LG3305R010B，用量不变； 备注：按照客户要求3孔橡胶件需要配合国内外做兼容，由于国内AC线为2根6方，国外AC线为4根（2根5方，2根2.5方），国内AC线采用10OR波纹管，国外AC线采用编织套管。 7、7*12箭头扎带PP9104320用量由2PCS变为3PCS； 8、删除1PCS一字卡PP9220301； 9、111-00563用量由9PCS变为4PCS； 10、111-00580用量由3PCS变为4PCS； 11、橡胶件E281-XJ-11变更为E281-XJ-09； 12.删除4PCS不带胶热缩管HS-125(3X) 9-30； | K35: 2026.02.05
J36: 1.带胶热缩管-透明由长春海达HDGW 6-30变更为双宇DPHS12-X0-5.75/1.27-L30（A04101758），用量不变； 2.防水泥由6211015110AL变更为CH101-1.5*19*100，用量不变；——防水泥暂无验证长度先不变更，待工艺验证后更改BOM； | K36: 2026.02.25 | L36: 内部VAVE待实施
J37: 橙色PVC胶带P111W0192510003用量由4.5米减少为3米； 增加黑色PVC胶带P111W1192510003，用量1.5米； | K37: 2026.03.08 | L37: 低压线上使用黑色PVC胶带
A38: 11 | B38: E281 | C38: 6608507680 | D38: 组合式充电插座线束总成 | J38: 1. 更新充电插座2523328-1 散件料号； 2. 更新低压插件1-2438787-1散件料号； 3. 更新低压插件1-2355517-5散件料号； 4.删除电子锁低压插件805-122-541，新增电子锁低压插件5-965906-5； 5.更新直流HVSPC2P1900FS112和交流HVC2PG263UFSW106-NH高压插件散件； 6.亚化 PVC胶带由P111W0192510002变更为P111W0192510003，用量不变； 7.删除塑料支架1PCS E281-HB-01和1 PCS E281-HB-02，增加1 PCS塑料支架E281-HB-07； 8.新增1 PCS橡胶件E281-XJ-11； 9.删除1 PCS M8箭头卡扣PP9108401，新增1PCS M6.5箭头卡扣126-00177； 10.删除 1PCS M5螺柱卡扣PP9123801，新增1PCS M6侧置螺柱卡PP9120801； 11.扎带绳扎带绳数量由9PCS变更为11PCS； 12.删除3 PCS 扎带绳108-00150，新增3PCS 扎带绳111-00580； 13.新增1PCS 隔线扎带绳PP9127401； | K38: 2025.12.29
J39: 1、充电插座电子锁拉绳料号由2518993-3/4变更为2518993-4 2、更新低压插件5-2385463-1的散件信息 3、热缩管变更 删除2PCS带胶-热缩管10106880； 新增2PCS带胶-热缩管-黑色HDGW 12-30； 新增4PCS不带胶-热缩管-黑色HS-125(3X) 9-30； 新增1PCS带胶-热缩管-透明HDGW 6-30； | K39: 2026.01.04
J40: 1、111-00563数量由9PCS变更为4PCS； 2、111-00580数量由3PCS变更为4PCS； 3、电子锁低压连接器总成2298159-1，端子型号由965906-1变更为5-965906-1，用量不变 4、6方接地线 FHL91X/6.0/黄绿用量增加0.03m； 5、0.5方低压线由黑色变为不同颜色； 6、LG3305D012B变更为LG3305R010B，用量不变； 备注：按照客户要求3孔橡胶件需要配合国内外做兼容，由于国内AC线为2根6方，国外AC线为4根（2根5方，2根2.5方），国内AC线采用10OR波纹管，国外AC线采用编织套管。 7、7*12箭头扎带PP9104320用量由2PCS变为3PCS； 8、删除1PCS一字卡PP9220301； 9、111-00563用量由11PCS变为6PCS； 10、111-00580用量由3PCS变为4PCS； 11、橡胶件E281-XJ-11变更为E281-XJ-09； 12.删除4PCS不带胶热缩管HS-125(3X) 9-30； | K40: 2026.02.05
J41: 1.带胶热缩管-透明由长春海达HDGW 6-30变更为双宇DPHS12-X0-5.75/1.27-L30（A04101758），用量不变； 2.防水泥由6211015110AL变更为CH101-1.5*19*100，用量不变；——防水泥暂无验证长度先不变更，待工艺验证后更改BOM； | K41: 2026.02.25 | L41: 内部VAVE待实施
J42: 橙色PVC胶带P111W0192510003用量由4.5米减少为3米； 增加黑色PVC胶带P111W1192510003，用量1.5米； | K42: 2026.03.08 | L42: 低压线上使用黑色PVC胶带

Sheet 二次物料明细
A1: ★ | B1: 若有其他方案推荐,经评估可行后可更新至K列
A2: 组件描述 | B2: 物料名称（英文/中文） | C2: 用量 | D2: 单位 | E2: 单价(CU=7.2) | F2: 单位铜重 | G2: 铜重 | H2: 供应商名称 | I2: 产地 | J2: SAP号 | K2: 备注
A3: HVPC2P1600FT5-NH-MP010 | B3: =VLOOKUP(A3,KSK线束BOM明细!D:N,2,0) -> 护套（145度反装 A键位） | C3: =SUMIFS(KSK线束BOM明细!K:K,KSK线束BOM明细!D:D,A3) -> 3 | D3: =VLOOKUP(A3,KSK线束BOM明细!D:N,9,0) -> PCS | H3: =VLOOKUP(A3,KSK线束BOM明细!D:N,10,0) -> 安费诺 | J3: =VLOOKUP(A3,KSK线束BOM明细!D:N,4,0) -> A02105032 | K3: =VLOOKUP(A3,KSK线束BOM明细!D:N,11,0) -> 客户指定
A4: HVPC2P1600FT-09P010 | B4: =VLOOKUP(A4,KSK线束BOM明细!D:N,2,0) -> 插头端子-单粒焊接 | C4: =SUMIFS(KSK线束BOM明细!K:K,KSK线束BOM明细!D:D,A4) -> 6 | D4: =VLOOKUP(A4,KSK线束BOM明细!D:N,9,0) -> PCS | H4: =VLOOKUP(A4,KSK线束BOM明细!D:N,10,0) -> 安费诺 | J4: =VLOOKUP(A4,KSK线束BOM明细!D:N,4,0) -> A03103389 | K4: =VLOOKUP(A4,KSK线束BOM明细!D:N,11,0) -> 客户指定
A5: HVPC2P1600FV-15P010 | B5: =VLOOKUP(A5,KSK线束BOM明细!D:N,2,0) -> 挡板_黑色 | C5: =SUMIFS(KSK线束BOM明细!K:K,KSK线束BOM明细!D:D,A5) -> 8 | D5: =VLOOKUP(A5,KSK线束BOM明细!D:N,9,0) -> PCS | H5: =VLOOKUP(A5,KSK线束BOM明细!D:N,10,0) -> 安费诺 | J5: =VLOOKUP(A5,KSK线束BOM明细!D:N,4,0) -> A02104375 | K5: =VLOOKUP(A5,KSK线束BOM明细!D:N,11,0) -> 客户指定
A6: HVPC2P1600FV-06-35P010 | B6: =VLOOKUP(A6,KSK线束BOM明细!D:N,2,0) -> 插头外屏蔽环 | C6: =SUMIFS(KSK线束BOM明细!K:K,KSK线束BOM明细!D:D,A6) -> 6 | D6: =VLOOKUP(A6,KSK线束BOM明细!D:N,9,0) -> PCS | H6: =VLOOKUP(A6,KSK线束BOM明细!D:N,10,0) -> 安费诺 | J6: =VLOOKUP(A6,KSK线束BOM明细!D:N,4,0) -> A03103387 | K6: =VLOOKUP(A6,KSK线束BOM明细!D:N,11,0) -> 客户指定
A7: HVC2P80FS1-47P010 | B7: =VLOOKUP(A7,KSK线束BOM明细!D:N,2,0) -> 插头屏蔽内环 | C7: =SUMIFS(KSK线束BOM明细!K:K,KSK线束BOM明细!D:D,A7) -> 4 | D7: =VLOOKUP(A7,KSK线束BOM明细!D:N,9,0) -> PCS | H7: =VLOOKUP(A7,KSK线束BOM明细!D:N,10,0) -> 安费诺 | J7: =VLOOKUP(A7,KSK线束BOM明细!D:N,4,0) -> A03103388 | K7: =VLOOKUP(A7,KSK线束BOM明细!D:N,11,0) -> 客户指定
A8: HVPC2P1600FV-12-35P010 | B8: =VLOOKUP(A8,KSK线束BOM明细!D:N,2,0) -> 插头线束密封圈 | C8: =SUMIFS(KSK线束BOM明细!K:K,KSK线束BOM明细!D:D,A8) -> 6 | D8: =VLOOKUP(A8,KSK线束BOM明细!D:N,9,0) -> PCS | H8: =VLOOKUP(A8,KSK线束BOM明细!D:N,10,0) -> 安费诺 | J8: =VLOOKUP(A8,KSK线束BOM明细!D:N,4,0) -> A02105020 | K8: =VLOOKUP(A8,KSK线束BOM明细!D:N,11,0) -> 客户指定
A9: HVPC2P1600FV-11-35P010 | B9: =VLOOKUP(A9,KSK线束BOM明细!D:N,2,0) -> 插头线卡 | C9: =SUMIFS(KSK线束BOM明细!K:K,KSK线束BOM明细!D:D,A9) -> 6 | D9: =VLOOKUP(A9,KSK线束BOM明细!D:N,9,0) -> PCS | H9: =VLOOKUP(A9,KSK线束BOM明细!D:N,10,0) -> 安费诺 | J9: =VLOOKUP(A9,KSK线束BOM明细!D:N,4,0) -> A02105018 | K9: =VLOOKUP(A9,KSK线束BOM明细!D:N,11,0) -> 客户指定
A10: HVPC2P1600FV-10-35P010 | B10: =VLOOKUP(A10,KSK线束BOM明细!D:N,2,0) -> 插头尾盖 | C10: =SUMIFS(KSK线束BOM明细!K:K,KSK线束BOM明细!D:D,A10) -> 6 | D10: =VLOOKUP(A10,KSK线束BOM明细!D:N,9,0) -> PCS | H10: =VLOOKUP(A10,KSK线束BOM明细!D:N,10,0) -> 安费诺 | J10: =VLOOKUP(A10,KSK线束BOM明细!D:N,4,0) -> A02105019 | K10: =VLOOKUP(A10,KSK线束BOM明细!D:N,11,0) -> 客户指定
A11: N022525276C | B11: =VLOOKUP(A11,KSK线束BOM明细!D:N,2,0) -> 焊接端子-70 | C11: =SUMIFS(KSK线束BOM明细!K:K,KSK线束BOM明细!D:D,A11) -> 6 | D11: =VLOOKUP(A11,KSK线束BOM明细!D:N,9,0) -> PCS | H11: =VLOOKUP(A11,KSK线束BOM明细!D:N,10,0) -> 安费诺 | J11: =VLOOKUP(A11,KSK线束BOM明细!D:N,4,0) -> A03103440 | K11: =VLOOKUP(A11,KSK线束BOM明细!D:N,11,0) -> 客户指定
A12: IPT2PFS035-GA-01P010 | B12: =VLOOKUP(A12,KSK线束BOM明细!D:N,2,0) -> 主体组合件 | C12: =SUMIFS(KSK线束BOM明细!K:K,KSK线束BOM明细!D:D,A12) -> 3 | D12: =VLOOKUP(A12,KSK线束BOM明细!D:N,9,0) -> PCS | H12: =VLOOKUP(A12,KSK线束BOM明细!D:N,10,0) -> 安费诺 | J12: =VLOOKUP(A12,KSK线束BOM明细!D:N,4,0) -> A02102660 | K12: =VLOOKUP(A12,KSK线束BOM明细!D:N,11,0) -> 客户指定
A13: IPT2PFS-S01-35P010 | B13: =VLOOKUP(A13,KSK线束BOM明细!D:N,2,0) -> 压接屏蔽内环-35 | C13: =SUMIFS(KSK线束BOM明细!K:K,KSK线束BOM明细!D:D,A13) -> 6 | D13: =VLOOKUP(A13,KSK线束BOM明细!D:N,9,0) -> PCS | H13: =VLOOKUP(A13,KSK线束BOM明细!D:N,10,0) -> 安费诺 | J13: =VLOOKUP(A13,KSK线束BOM明细!D:N,4,0) -> A03101954 | K13: =VLOOKUP(A13,KSK线束BOM明细!D:N,11,0) -> 客户指定
A14: IPT2PFS-S02-35P010 | B14: =VLOOKUP(A14,KSK线束BOM明细!D:N,2,0) -> 压接屏蔽外环-35/50 | C14: =SUMIFS(KSK线束BOM明细!K:K,KSK线束BOM明细!D:D,A14) -> 6 | D14: =VLOOKUP(A14,KSK线束BOM明细!D:N,9,0) -> PCS | H14: =VLOOKUP(A14,KSK线束BOM明细!D:N,10,0) -> 安费诺 | J14: =VLOOKUP(A14,KSK线束BOM明细!D:N,4,0) -> A03101953 | K14: =VLOOKUP(A14,KSK线束BOM明细!D:N,11,0) -> 客户指定
... A26: 111-00563 | B26: =VLOOKUP(A26,KSK线束BOM明细!D:N,2,0) -> 扎带绳 | C26: =SUMIFS(KSK线束BOM明细!K:K,KSK线束BOM明细!D:D,A26) -> 47 | D26: =VLOOKUP(A26,KSK线束BOM明细!D:N,9,0) -> PCS | H26: =VLOOKUP(A26,KSK线束BOM明细!D:N,10,0) -> 海尔曼太通 | J26: =VLOOKUP(A26,KSK线束BOM明细!D:N,4,0) -> A06010012 | K26: =VLOOKUP(A26,KSK线束BOM明细!D:N,11,0) -> ★
A27: X1-BQ-01 标签140x30mm | B27: =VLOOKUP(A27,KSK线束BOM明细!D:N,2,0) -> 产品标签 | C27: =SUMIFS(KSK线束BOM明细!K:K,KSK线束BOM明细!D:D,A27) -> 11 | D27: =VLOOKUP(A27,KSK线束BOM明细!D:N,9,0) -> PCS | H27: =VLOOKUP(A27,KSK线束BOM明细!D:N,10,0) -> 洪众 | J27: =VLOOKUP(A27,KSK线束BOM明细!D:N,4,0) -> 70002326
A28: HVPC2P1600FV5-NH-M-P010 | B28: =VLOOKUP(A28,KSK线束BOM明细!D:N,2,0) -> 护套-90度-反装-CODE A | C28: =SUMIFS(KSK线束BOM明细!K:K,KSK线束BOM明细!D:D,A28) -> 1 | D28: =VLOOKUP(A28,KSK线束BOM明细!D:N,9,0) -> PCS | H28: =VLOOKUP(A28,KSK线束BOM明细!D:N,10,0) -> 安费诺 | J28: =VLOOKUP(A28,KSK线束BOM明细!D:N,4,0) -> A02105143 | K28: =VLOOKUP(A28,KSK线束BOM明细!D:N,11,0) -> 客户指定
A29: HVPC2P1600FV-09-P010 | B29: =VLOOKUP(A29,KSK线束BOM明细!D:N,2,0) -> 焊接端子-镀银 | C29: =SUMIFS(KSK线束BOM明细!K:K,KSK线束BOM明细!D:D,A29) -> 2 | D29: =VLOOKUP(A29,KSK线束BOM明细!D:N,9,0) -> PCS | H29: =VLOOKUP(A29,KSK线束BOM明细!D:N,10,0) -> 安费诺 | J29: =VLOOKUP(A29,KSK线束BOM明细!D:N,4,0) -> A03103438 | K29: =VLOOKUP(A29,KSK线束BOM明细!D:N,11,0) -> 客户指定
A30: HVPC2P1800FS-11-25G-P010 | B30: =VLOOKUP(A30,KSK线束BOM明细!D:N,2,0) -> 内屏蔽环 | C30: =SUMIFS(KSK线束BOM明细!K:K,KSK线束BOM明细!D:D,A30) -> 2 | D30: =VLOOKUP(A30,KSK线束BOM明细!D:N,9,0) -> PCS | H30: =VLOOKUP(A30,KSK线束BOM明细!D:N,10,0) -> 安费诺 | J30: =VLOOKUP(A30,KSK线束BOM明细!D:N,4,0) -> A03103437 | K30: =VLOOKUP(A30,KSK线束BOM明细!D:N,11,0) -> 客户指定
A31: E281-HB-03 | B31: =VLOOKUP(A31,KSK线束BOM明细!D:N,2,0) -> 塑料支架（带2个衬套） | C31: =SUMIFS(KSK线束BOM明细!K:K,KSK线束BOM明细!D:D,A31) -> 1 | D31: =VLOOKUP(A31,KSK线束BOM明细!D:N,9,0) -> PCS | H31: =VLOOKUP(A31,KSK线束BOM明细!D:N,10,0) -> 上海程达 | J31: =VLOOKUP(A31,KSK线束BOM明细!D:N,4,0) -> A06102157 | K31: =VLOOKUP(A31,KSK线束BOM明细!D:N,11,0) -> ★
A32: E281-ZJ-07 | B32: =VLOOKUP(A32,KSK线束BOM明细!D:N,2,0) -> 金属支架 | C32: =SUMIFS(KSK线束BOM明细!K:K,KSK线束BOM明细!D:D,A32) -> 1 | D32: =VLOOKUP(A32,KSK线束BOM明细!D:N,9,0) -> PCS | H32: =VLOOKUP(A32,KSK线束BOM明细!D:N,10,0) -> 华凯 | J32: =VLOOKUP(A32,KSK线束BOM明细!D:N,4,0) -> A06102145 | K32: =VLOOKUP(A32,KSK线束BOM明细!D:N,11,0) -> ★
A33: HVPC2P1600FV-06-25P010 | B33: =VLOOKUP(A33,KSK线束BOM明细!D:N,2,0) -> 插头外屏蔽环 | C33: =SUMIFS(KSK线束BOM明细!K:K,KSK线束BOM明细!D:D,A33) -> 2 | D33: =VLOOKUP(A33,KSK线束BOM明细!D:N,9,0) -> PCS | H33: =VLOOKUP(A33,KSK线束BOM明细!D:N,10,0) -> 安费诺 | J33: =VLOOKUP(A33,KSK线束BOM明细!D:N,4,0) -> A03103410 | K33: =VLOOKUP(A33,KSK线束BOM明细!D:N,11,0) -> 客户指定
A34: HVPC2P1800FS-11-25P010 | B34: =VLOOKUP(A34,KSK线束BOM明细!D:N,2,0) -> 插头屏蔽内环 | C34: =SUMIFS(KSK线束BOM明细!K:K,KSK线束BOM明细!D:D,A34) -> 2 | D34: =VLOOKUP(A34,KSK线束BOM明细!D:N,9,0) -> PCS | H34: =VLOOKUP(A34,KSK线束BOM明细!D:N,10,0) -> 安费诺 | J34: =VLOOKUP(A34,KSK线束BOM明细!D:N,4,0) -> A03103409 | K34: =VLOOKUP(A34,KSK线束BOM明细!D:N,11,0) -> 客户指定
A35: HVPC2P1600FV-12-25P010 | B35: =VLOOKUP(A35,KSK线束BOM明细!D:N,2,0) -> 插头线束密封圈 | C35: =SUMIFS(KSK线束BOM明细!K:K,KSK线束BOM明细!D:D,A35) -> 2 | D35: =VLOOKUP(A35,KSK线束BOM明细!D:N,9,0) -> PCS | H35: =VLOOKUP(A35,KSK线束BOM明细!D:N,10,0) -> 安费诺 | J35: =VLOOKUP(A35,KSK线束BOM明细!D:N,4,0) -> A02105062 | K35: =VLOOKUP(A35,KSK线束BOM明细!D:N,11,0) -> 客户指定
A36: HVPC2P1600FV-11-25P010 | B36: =VLOOKUP(A36,KSK线束BOM明细!D:N,2,0) -> 插头线卡 | C36: =SUMIFS(KSK线束BOM明细!K:K,KSK线束BOM明细!D:D,A36) -> 2 | D36: =VLOOKUP(A36,KSK线束BOM明细!D:N,9,0) -> PCS | H36: =VLOOKUP(A36,KSK线束BOM明细!D:N,10,0) -> 安费诺 | J36: =VLOOKUP(A36,KSK线束BOM明细!D:N,4,0) -> A02105060 | K36: =VLOOKUP(A36,KSK线束BOM明细!D:N,11,0) -> 客户指定
A37: HVPC2P1600FV-10-25P010 | B37: =VLOOKUP(A37,KSK线束BOM明细!D:N,2,0) -> 插头尾盖 | C37: =SUMIFS(KSK线束BOM明细!K:K,KSK线束BOM明细!D:D,A37) -> 2 | D37: =VLOOKUP(A37,KSK线束BOM明细!D:N,9,0) -> PCS | H37: =VLOOKUP(A37,KSK线束BOM明细!D:N,10,0) -> 安费诺 | J37: =VLOOKUP(A37,KSK线束BOM明细!D:N,4,0) -> A02105061 | K37: =VLOOKUP(A37,KSK线束BOM明细!D:N,11,0) -> 客户指定
A38: 1-2177380-1 | B38: =VLOOKUP(A38,KSK线束BOM明细!D:N,2,0) -> IPT 压接端子 | C38: =SUMIFS(KSK线束BOM明细!K:K,KSK线束BOM明细!D:D,A38) -> 2 | D38: =VLOOKUP(A38,KSK线束BOM明细!D:N,9,0) -> PCS | H38: =VLOOKUP(A38,KSK线束BOM明细!D:N,10,0) -> 泰科 | J38: =VLOOKUP(A38,KSK线束BOM明细!D:N,4,0) -> A03000392 | K38: =VLOOKUP(A38,KSK线束BOM明细!D:N,11,0) -> ★
A39: IPT3P-01-06 | B39: =VLOOKUP(A39,KSK线束BOM明细!D:N,2,0) -> 特殊屏蔽件 | C39: =SUMIFS(KSK线束BOM明细!K:K,KSK线束BOM明细!D:D,A39) -> 2 | D39: =VLOOKUP(A39,KSK线束BOM明细!D:N,9,0) -> PCS | H39: =VLOOKUP(A39,KSK线束BOM明细!D:N,10,0) -> 安费诺 | J39: =VLOOKUP(A39,KSK线束BOM明细!D:N,4,0) -> A02030991 | K39: =VLOOKUP(A39,KSK线束BOM明细!D:N,11,0) -> 客户指定
... A97: 1-2310469-5 | B97: =VLOOKUP(A97,KSK线束BOM明细!D:N,2,0) -> 尾盖 | C97: =SUMIFS(KSK线束BOM明细!K:K,KSK线束BOM明细!D:D,A97) -> 1 | D97: =VLOOKUP(A97,KSK线束BOM明细!D:N,9,0) -> PCS | H97: =VLOOKUP(A97,KSK线束BOM明细!D:N,10,0) -> TE | J97: =VLOOKUP(A97,KSK线束BOM明细!D:N,4,0) -> A02033357 | K97: =VLOOKUP(A97,KSK线束BOM明细!D:N,11,0) -> 客户指定
A98: 1890945 | B98: =VLOOKUP(A98,KSK线束BOM明细!D:N,2,0) -> 护套-插头半成品 | C98: =SUMIFS(KSK线束BOM明细!K:K,KSK线束BOM明细!D:D,A98) -> 1 | D98: =VLOOKUP(A98,KSK线束BOM明细!D:N,9,0) -> PCS | H98: =VLOOKUP(A98,KSK线束BOM明细!D:N,10,0) -> 菲尼克斯 | J98: =VLOOKUP(A98,KSK线束BOM明细!D:N,4,0) -> A02105026 | K98: =VLOOKUP(A98,KSK线束BOM明细!D:N,11,0) -> 客户指定
A99: 1890948 | B99: =VLOOKUP(A99,KSK线束BOM明细!D:N,2,0) -> 焊接端子 | C99: =SUMIFS(KSK线束BOM明细!K:K,KSK线束BOM明细!D:D,A99) -> 2 | D99: =VLOOKUP(A99,KSK线束BOM明细!D:N,9,0) -> PCS | H99: =VLOOKUP(A99,KSK线束BOM明细!D:N,10,0) -> 菲尼克斯 | J99: =VLOOKUP(A99,KSK线束BOM明细!D:N,4,0) -> A03103392 | K99: =VLOOKUP(A99,KSK线束BOM明细!D:N,11,0) -> 客户指定
A100: 1806556 | B100: =VLOOKUP(A100,KSK线束BOM明细!D:N,2,0) -> 屏蔽外环 | C100: =SUMIFS(KSK线束BOM明细!K:K,KSK线束BOM明细!D:D,A100) -> 2 | D100: =VLOOKUP(A100,KSK线束BOM明细!D:N,9,0) -> PCS | H100: =VLOOKUP(A100,KSK线束BOM明细!D:N,10,0) -> 菲尼克斯 | J100: =VLOOKUP(A100,KSK线束BOM明细!D:N,4,0) -> A03103390 | K100: =VLOOKUP(A100,KSK线束BOM明细!D:N,11,0) -> 客户指定
A101: 1806554 | B101: =VLOOKUP(A101,KSK线束BOM明细!D:N,2,0) -> 4方屏蔽内环 | C101: =SUMIFS(KSK线束BOM明细!K:K,KSK线束BOM明细!D:D,A101) -> 2 | D101: =VLOOKUP(A101,KSK线束BOM明细!D:N,9,0) -> PCS | H101: =VLOOKUP(A101,KSK线束BOM明细!D:N,10,0) -> 菲尼克斯 | J101: =VLOOKUP(A101,KSK线束BOM明细!D:N,4,0) -> A03103391 | K101: =VLOOKUP(A101,KSK线束BOM明细!D:N,11,0) -> 客户指定
A102: 1806550 | B102: =VLOOKUP(A102,KSK线束BOM明细!D:N,2,0) -> 4方线束密封圈(红色) | C102: =SUMIFS(KSK线束BOM明细!K:K,KSK线束BOM明细!D:D,A102) -> 4 | D102: =VLOOKUP(A102,KSK线束BOM明细!D:N,9,0) -> PCS | H102: =VLOOKUP(A102,KSK线束BOM明细!D:N,10,0) -> 菲尼克斯 | J102: =VLOOKUP(A102,KSK线束BOM明细!D:N,4,0) -> A02105023 | K102: =VLOOKUP(A102,KSK线束BOM明细!D:N,11,0) -> 客户指定
A103: 1806425 | B103: =VLOOKUP(A103,KSK线束BOM明细!D:N,2,0) -> 4方线束尾盖(红色) | C103: =SUMIFS(KSK线束BOM明细!K:K,KSK线束BOM明细!D:D,A103) -> 4 | D103: =VLOOKUP(A103,KSK线束BOM明细!D:N,9,0) -> PCS | H103: =VLOOKUP(A103,KSK线束BOM明细!D:N,10,0) -> 菲尼克斯 | J103: =VLOOKUP(A103,KSK线束BOM明细!D:N,4,0) -> A02105024 | K103: =VLOOKUP(A103,KSK线束BOM明细!D:N,11,0) -> 客户指定
A104: 1806416 | B104: =VLOOKUP(A104,KSK线束BOM明细!D:N,2,0) -> 4方盲堵(红色) | C104: =SUMIFS(KSK线束BOM明细!K:K,KSK线束BOM明细!D:D,A104) -> 2 | D104: =VLOOKUP(A104,KSK线束BOM明细!D:N,9,0) -> PCS | H104: =VLOOKUP(A104,KSK线束BOM明细!D:N,10,0) -> 菲尼克斯 | J104: =VLOOKUP(A104,KSK线束BOM明细!D:N,4,0) -> A02105022 | K104: =VLOOKUP(A104,KSK线束BOM明细!D:N,11,0) -> 客户指定
A105: E281-HB-06 | B105: =VLOOKUP(A105,KSK线束BOM明细!D:N,2,0) -> 塑料支架（带1个衬套） | C105: =SUMIFS(KSK线束BOM明细!K:K,KSK线束BOM明细!D:D,A105) -> 1 | D105: =VLOOKUP(A105,KSK线束BOM明细!D:N,9,0) -> PCS | H105: =VLOOKUP(A105,KSK线束BOM明细!D:N,10,0) -> 上海程达 | J105: =VLOOKUP(A105,KSK线束BOM明细!D:N,4,0) -> A06102156 | K105: =VLOOKUP(A105,KSK线束BOM明细!D:N,11,0) -> ★
A106: E281-HB-10 | B106: =VLOOKUP(A106,KSK线束BOM明细!D:N,2,0) -> 塑料支架（带卡扣） | C106: =SUMIFS(KSK线束BOM明细!K:K,KSK线束BOM明细!D:D,A106) -> 1 | D106: =VLOOKUP(A106,KSK线束BOM明细!D:N,9,0) -> PCS | H106: =VLOOKUP(A106,KSK线束BOM明细!D:N,10,0) -> 上海程达 | J106: =VLOOKUP(A106,KSK线束BOM明细!D:N,4,0) -> A06102206 | K106: =VLOOKUP(A106,KSK线束BOM明细!D:N,11,0) -> ★
A107: PP9104320 | B107: =VLOOKUP(A107,KSK线束BOM明细!D:N,2,0) -> 7*12箭头扎带 | C107: =SUMIFS(KSK线束BOM明细!K:K,KSK线束BOM明细!D:D,A107) -> 11 | D107: =VLOOKUP(A107,KSK线束BOM明细!D:N,9,0) -> PCS | H107: =VLOOKUP(A107,KSK线束BOM明细!D:N,10,0) -> 上海众安 | J107: =VLOOKUP(A107,KSK线束BOM明细!D:N,4,0) -> A06101606 | K107: =VLOOKUP(A107,KSK线束BOM明细!D:N,11,0) -> ★
A108: 2519063-1 | B108: =VLOOKUP(A108,KSK线束BOM明细!D:N,2,0) -> 防尘盖组件 | C108: =SUMIFS(KSK线束BOM明细!K:K,KSK线束BOM明细!D:D,A108) -> 3 | D108: =VLOOKUP(A108,KSK线束BOM明细!D:N,9,0) -> PCS | H108: =VLOOKUP(A108,KSK线束BOM明细!D:N,10,0) -> TE | J108: =VLOOKUP(A108,KSK线束BOM明细!D:N,4,0) -> A02105132 | K108: =VLOOKUP(A108,KSK线束BOM明细!D:N,11,0) -> 客户指定
A109: 2490531-6 | B109: =VLOOKUP(A109,KSK线束BOM明细!D:N,2,0) -> 法兰盘面板 | C109: =SUMIFS(KSK线束BOM明细!K:K,KSK线束BOM明细!D:D,A109) -> 3 | D109: =VLOOKUP(A109,KSK线束BOM明细!D:N,9,0) -> PCS | H109: =VLOOKUP(A109,KSK线束BOM明细!D:N,10,0) -> TE | J109: =VLOOKUP(A109,KSK线束BOM明细!D:N,4,0) -> A05100638 | K109: =VLOOKUP(A109,KSK线束BOM明细!D:N,11,0) -> 客户指定
A110: 2521766-1 | B110: =VLOOKUP(A110,KSK线束BOM明细!D:N,2,0) -> 直流壳体组件 | C110: =SUMIFS(KSK线束BOM明细!K:K,KSK线束BOM明细!D:D,A110) -> 3 | D110: =VLOOKUP(A110,KSK线束BOM明细!D:N,9,0) -> PCS | H110: =VLOOKUP(A110,KSK线束BOM明细!D:N,10,0) -> TE | J110: =VLOOKUP(A110,KSK线束BOM明细!D:N,4,0) -> A05100637 | K110: =VLOOKUP(A110,KSK线束BOM明细!D:N,11,0) -> 客户指定
A111: 2495482-6 | B111: =VLOOKUP(A111,KSK线束BOM明细!D:N,2,0) -> DC-焊接端子组件 | C111: =SUMIFS(KSK线束BOM明细!K:K,KSK线束BOM明细!D:D,A111) -> 6 | D111: =VLOOKUP(A111,KSK线束BOM明细!D:N,9,0) -> PCS | H111: =VLOOKUP(A111,KSK线束BOM明细!D:N,10,0) -> TE | J111: =VLOOKUP(A111,KSK线束BOM明细!D:N,4,0) -> A03103436 | K111: =VLOOKUP(A111,KSK线束BOM明细!D:N,11,0) -> 客户指定
A112: 2521057-1 | B112: =VLOOKUP(A112,KSK线束BOM明细!D:N,2,0) -> DC-PE-压接端子 | C112: =SUMIFS(KSK线束BOM明细!K:K,KSK线束BOM明细!D:D,A112) -> 3 | D112: =VLOOKUP(A112,KSK线束BOM明细!D:N,9,0) -> PCS | H112: =VLOOKUP(A112,KSK线束BOM明细!D:N,10,0) -> TE | J112: =VLOOKUP(A112,KSK线束BOM明细!D:N,4,0) -> A05100556 | K112: =VLOOKUP(A112,KSK线束BOM明细!D:N,11,0) -> 客户指定
A113: 2411162-9 | B113: =VLOOKUP(A113,KSK线束BOM明细!D:N,2,0) -> 密封圈-DC-焊接端子 | C113: =SUMIFS(KSK线束BOM明细!K:K,KSK线束BOM明细!D:D,A113) -> 6 | D113: =VLOOKUP(A113,KSK线束BOM明细!D:N,9,0) -> PCS | H113: =VLOOKUP(A113,KSK线束BOM明细!D:N,10,0) -> TE | J113: =VLOOKUP(A113,KSK线束BOM明细!D:N,4,0) -> A02104529 | K113: =VLOOKUP(A113,KSK线束BOM明细!D:N,11,0) -> 客户指定
A114: 2403723-6 | B114: =VLOOKUP(A114,KSK线束BOM明细!D:N,2,0) -> PE线密封圈 | C114: =SUMIFS(KSK线束BOM明细!K:K,KSK线束BOM明细!D:D,A114) -> 3 | D114: =VLOOKUP(A114,KSK线束BOM明细!D:N,9,0) -> PCS | H114: =VLOOKUP(A114,KSK线束BOM明细!D:N,10,0) -> TE | J114: =VLOOKUP(A114,KSK线束BOM明细!D:N,4,0) -> A02104531 | K114: =VLOOKUP(A114,KSK线束BOM明细!D:N,11,0) -> 客户指定
A115: 2403722-7 | B115: =VLOOKUP(A115,KSK线束BOM明细!D:N,2,0) -> PE尾盖 | C115: =SUMIFS(KSK线束BOM明细!K:K,KSK线束BOM明细!D:D,A115) -> 3 | D115: =VLOOKUP(A115,KSK线束BOM明细!D:N,9,0) -> PCS | H115: =VLOOKUP(A115,KSK线束BOM明细!D:N,10,0) -> TE | J115: =VLOOKUP(A115,KSK线束BOM明细!D:N,4,0) -> A02104533 | K115: =VLOOKUP(A115,KSK线束BOM明细!D:N,11,0) -> 客户指定
A116: 2406408-1 | B116: =VLOOKUP(A116,KSK线束BOM明细!D:N,2,0) -> DC线密封圈 | C116: =SUMIFS(KSK线束BOM明细!K:K,KSK线束BOM明细!D:D,A116) -> 6 | D116: =VLOOKUP(A116,KSK线束BOM明细!D:N,9,0) -> PCS | H116: =VLOOKUP(A116,KSK线束BOM明细!D:N,10,0) -> TE | J116: =VLOOKUP(A116,KSK线束BOM明细!D:N,4,0) -> A02105133 | K116: =VLOOKUP(A116,KSK线束BOM明细!D:N,11,0) -> 客户指定
... A199: E281-XJ-05 | B199: =VLOOKUP(A199,KSK线束BOM明细!D:N,2,0) -> 橡胶件 | C199: =SUMIFS(KSK线束BOM明细!K:K,KSK线束BOM明细!D:D,A199) -> 2 | D199: =VLOOKUP(A199,KSK线束BOM明细!D:N,9,0) -> PCS | H199: =VLOOKUP(A199,KSK线束BOM明细!D:N,10,0) -> 博昊 | J199: =VLOOKUP(A199,KSK线束BOM明细!D:N,4,0) -> A04102660 | K199: =VLOOKUP(A199,KSK线束BOM明细!D:N,11,0) -> ★

Sheet 配置清单
A1: 配置信息和用量 (Feature & Take Rate) | H1: E281国内项目
H2: CM010_E281_启航版_R WD_LHD_CN 标配 | I2: CM010_E281_启航版_R WD_LHD_CN 选配 | J2: CM015_E281_探索版+远航版_R WD_LHD_CN 标配 | K2: CM015_E281_探索版+远航版_R WD_LHD_CN 选配 | L2: CM030_E281_星舰版_R WD_LHD_CN 标配 | M2: CM030_E281_星舰版_R WD_LHD_CN 标配 | N2: CM030_E281_星舰版_R WD_LHD_CN 选配 | O2: 2026/2/14 63.8两驱不带PTC | P2: 2026/2/14 75.2两驱不带PTC | Q2: 2月14日汇总 | R2: 2026/3/10 75.2两驱不带PTC | S2: 2026/3/10 75.2四驱 | T2: 2026/3/10 63.8 | U2: 2026/3/10 52.4 | V2: 3月10日汇总
A3: 序号 | B3: 零件包名称 | C3: 零件号 | D3: 零件名称 | E3: 适配导线 | F3: 配置 | G3: 标配/选配 | H3: 52.4 不带PTC 2驱 标配 | I3: 52.4 带PTC 2驱 选配 | J3: 63.8 不带PTC 2驱 标配 | K3: 63.8 带PTC 2驱 选配 | L3: 75.2 不带PTC 2驱 标配 | M3: 75.2 带PTC 2驱 选配 | N3: 75.2 不带PTC 4驱 标配 | X3: 图示
A4: 1 | B4: 高压线束 | C4: 6608491523 | D4: 直流母线总成 | E4: 35mm²屏蔽硅胶铝导线（屏蔽层镀锡铜包铝） | F4: 63.8 | G4: S | J4: 1 | K4: 1 | O4: =J4*16 -> 16 | Q4: =O4+P4 -> 16 | T4: 3 | V4: =R4+S4+T4+U4 -> 3 | W4: =Q4+V4 -> 19
A5: 2 | B5: 高压线束 | C5: 6608491524 | D5: 直流母线总成 | E5: 35mm²屏蔽硅胶铝导线（屏蔽层镀锡铜包铝） | F5: 75.2 | G5: S | L5: 1 | M5: 1 | N5: 1 | P5: =L5*6 -> 6 | Q5: =O5+P5 -> 6 | R5: 2 | S5: 3 | V5: =R5+S5+T5+U5 -> 5 | W5: =Q5+V5 -> 11
A6: 3 | B6: 高压线束 | C6: 6608442962 | D6: 直流母线总成 | E6: 35mm²屏蔽硅胶铝导线（屏蔽层镀锡铜包铝） | F6: 52.4 | G6: S | H6: 1 | I6: 1 | Q6: =O6+P6 -> 0 | U6: 4 | V6: =R6+S6+T6+U6 -> 4 | W6: =Q6+V6 -> 4
A7: 4 | B7: 高压线束 | C7: 6608442964 | D7: 电动压缩机线束总成 | E7: 4.0mm²屏蔽镀锡铜包铝交联铝导线 | F7: 52.4/63.8/75.2不带PTC | G7: S | H7: 1 | J7: 1 | L7: 1 | O7: =J7*16 -> 16 | P7: =L7*6 -> 6 | Q7: =O7+P7 -> 22 | R7: 2 | T7: 3 | U7: 4 | V7: =R7+S7+T7+U7 -> 9 | W7: =Q7+V7 -> 31
A8: 5 | B8: 高压线束 | C8: 6608442963 | D8: 电动压缩机线束总成 | E8: 4.0mm²屏蔽镀锡铜包铝交联铝导线 | F8: 52.4带PTC | G8: O | I8: 1 | Q8: =O8+P8 -> 0 | V8: =R8+S8+T8+U8 -> 0
A9: 6 | B9: 高压线束 | C9: 6608516992 | D9: 电动压缩机线束总成 | E9: 4.0mm²屏蔽镀锡铜包铝交联铝导线 | F9: 63.8/75.2带PTC | G9: O | K9: 1 | M9: 1 | Q9: =O9+P9 -> 0 | V9: =R9+S9+T9+U9 -> 0
A10: 7 | B10: 高压线束 | C10: 6608519100 | D10: 电动压缩机线束总成 | E10: 4.0mm²屏蔽镀锡铜包铝交联铝导线 | F10: 75.2四驱 | G10: S | N10: 1 | Q10: =O10+P10 -> 0 | S10: 3 | V10: =R10+S10+T10+U10 -> 3 | W10: =Q10+V10 -> 3
A11: 8 | B11: 高压线束 | C11: 6608442966 | D11: 组合式充电插座线束总成 | E11: 120mm²非屏蔽硅胶铝导线 6mm²非屏蔽铝导线 6mm²非屏蔽黄绿铜导线 5mm²非屏蔽黄绿铜导线 | F11: 63.8 | G11: S | J11: 1 | K11: 1 | O11: =J11*16 -> 16 | Q11: =O11+P11 -> 16 | T11: 3 | V11: =R11+S11+T11+U11 -> 3 | W11: =Q11+V11 -> 19
A12: 9 | B12: 高压线束 | C12: 6608442965 | D12: 组合式充电插座线束总成 | E12: 120mm²非屏蔽硅胶铝导线 6mm²非屏蔽铝导线 6mm²非屏蔽黄绿铜导线 5mm²非屏蔽黄绿铜导线 | F12: 75.2 | G12: S | L12: 1 | M12: 1 | N12: 1 | P12: =L12*6 -> 6 | Q12: =O12+P12 -> 6 | R12: 2 | S12: 3 | V12: =R12+S12+T12+U12 -> 5 | W12: =Q12+V12 -> 11
A13: 10 | B13: 高压线束 | C13: 6608507680 | D13: 组合式充电插座线束总成 | E13: 120mm²非屏蔽硅胶铝导线 6mm²非屏蔽铝导线 6mm²非屏蔽黄绿铜导线 5mm²非屏蔽黄绿铜导线 | F13: 52.4 | G13: S | H13: 1 | I13: 1 | Q13: =O13+P13 -> 0 | U13: 4 | V13: =R13+S13+T13+U13 -> 4 | W13: =Q13+V13 -> 4
A14: 11 | B14: 高压线束 | C14: 6608544875 | D14: 前驱直流母线总成 | E14: 25mm²屏蔽硅胶铜导线（屏蔽层镀锡铜包铝） | F14: 75.2 | G14: S | N14: 1 | Q14: =O14+P14 -> 0 | S14: 3 | V14: =R14+S14+T14+U14 -> 3 | W14: =Q14+V14 -> 3

Sheet 总成散件清单
A1: NO. | B1: Function 功能 | C1: Part Number 零件号 | D1: Part Name 零件名称 | E1: Semi-Finished 是否半成品 | F1: Wire NO. 回路号 | G1: PIN | H1: OPTION | I1: SPEC 规格 | J1: Quantity 数量 | K1: Unit 单位 | L1: Remark | M1: 其他备注 | P1: 备注差异原因 | R1: 确认C列与O列物料型号是否一致 | Y1: 确认J列与U列用量是否一致
A2: 1 | B2: HVPC2P1600FT535-NH-P010 接电池端 适配2*35mm²屏蔽铜包铝硅胶铝导线 | C2: HVPC2P1600FT5-NH-MP010 | D2: 护套（145度反装 A键位） | E2: N | F2: A02105032 | J2: 1 | K2: PCS | L2: 安费诺 | M2: 客户指定 | N2: HVPC2P1600FT535-NH-P010 接电池端 适配2*35mm²屏蔽铜包铝硅胶铝导线 | O2: HVPC2P1600FT5-NH-MP010 | Q2: 护套（145度反装 A键位） | R2: =IF(C2=O2,1,0) -> 1 | S2: N | T2: A02105032 | U2: 1 | V2: PCS | W2: 安费诺 | X2: 客户指定 | Y2: =IF(J2=U2,1,0) -> 1
A3: 2 | C3: HVPC2P1600FT-09P010 | D3: 插头端子-单粒焊接 | E3: N | F3: A03103389 | J3: 2 | K3: PCS | L3: 安费诺 | M3: 客户指定 | O3: HVPC2P1600FT-09P010 | Q3: 插头端子-单粒焊接 | R3: =IF(C3=O3,1,0) -> 1 | S3: N | T3: A03103389 | U3: 2 | V3: PCS | W3: 安费诺 | X3: 客户指定 | Y3: =IF(J3=U3,1,0) -> 1
A4: 3 | C4: HVPC2P1600FV-15P010 | D4: 挡板_黑色 | E4: N | F4: A02104375 | J4: 2 | K4: PCS | L4: 安费诺 | M4: 客户指定 | O4: HVPC2P1600FV-15P010 | Q4: 挡板 | R4: =IF(C4=O4,1,0) -> 1 | S4: N | T4: A02104375 | U4: 2 | V4: PCS | W4: 安费诺 | X4: 客户指定 | Y4: =IF(J4=U4,1,0) -> 1
A5: 4 | C5: HVPC2P1600FV-06-35P010 | D5: 插头外屏蔽环 | E5: N | F5: A03103387 | J5: 2 | K5: PCS | L5: 安费诺 | M5: 客户指定 | O5: HVPC2P1600FV-06-35P010 | Q5: 插头外屏蔽环 | R5: =IF(C5=O5,1,0) -> 1 | S5: N | T5: A03103387 | U5: 2 | V5: PCS | W5: 安费诺 | X5: 客户指定 | Y5: =IF(J5=U5,1,0) -> 1
A6: 5 | C6: HVC2P80FS1-47P010 | D6: 插头屏蔽内环 | E6: N | F6: A03103388 | J6: 2 | K6: PCS | L6: 安费诺 | M6: 客户指定 | O6: HVC2P80FS1-47P010 | Q6: 插头屏蔽内环 | R6: =IF(C6=O6,1,0) -> 1 | S6: N | T6: A03103388 | U6: 2 | V6: PCS | W6: 安费诺 | X6: 客户指定 | Y6: =IF(J6=U6,1,0) -> 1
A7: 6 | C7: HVPC2P1600FV-12-35P010 | D7: 插头线束密封圈 | E7: N | F7: A02105020 | J7: 2 | K7: PCS | L7: 安费诺 | M7: 客户指定 | O7: HVPC2P1600FV-12-35P010 | Q7: 插头线束密封圈 | R7: =IF(C7=O7,1,0) -> 1 | S7: N | T7: A02105020 | U7: 2 | V7: PCS | W7: 安费诺 | X7: 客户指定 | Y7: =IF(J7=U7,1,0) -> 1
A8: 7 | C8: HVPC2P1600FV-11-35P010 | D8: 插头线卡 | E8: N | F8: A02105018 | J8: 2 | K8: PCS | L8: 安费诺 | M8: 客户指定 | O8: HVPC2P1600FV-11-35P010 | Q8: 插头线卡 | R8: =IF(C8=O8,1,0) -> 1 | S8: N | T8: A02105018 | U8: 2 | V8: PCS | W8: 安费诺 | X8: 客户指定 | Y8: =IF(J8=U8,1,0) -> 1
A9: 8 | C9: HVPC2P1600FV-10-35P010 | D9: 插头尾盖 | E9: N | F9: A02105019 | J9: 2 | K9: PCS | L9: 安费诺 | M9: 客户指定 | O9: HVPC2P1600FV-10-35P010 | Q9: 插头尾盖 | R9: =IF(C9=O9,1,0) -> 1 | S9: N | T9: A02105019 | U9: 2 | V9: PCS | W9: 安费诺 | X9: 客户指定 | Y9: =IF(J9=U9,1,0) -> 1
A10: 9 | B10: IPT2PFS035-S02P010（安费诺） 接电驱端 适配2*35mm²屏蔽铜包铝硅胶铝导线 | C10: N022525276C | D10: 焊接端子-70 | E10: N | F10: A03103440 | J10: 2 | K10: PCS | L10: 安费诺 | M10: 客户指定 | N10: IPT2PFS035-S02P010（安费诺） 接电驱端 适配2*35mm²屏蔽铜包铝硅胶铝导线 | O10: N022525276C | Q10: 焊接端子-70 | R10: =IF(C10=O10,1,0) -> 1 | S10: N | T10: / | U10: 2 | V10: PCS | W10: 安费诺 | X10: 客户指定 | Y10: =IF(J10=U10,1,0) -> 1
A11: 10 | C11: IPT2PFS035-GA-01P010 | D11: 主体组合件 | E11: N | F11: A02102660 | J11: 1 | K11: PCS | L11: 安费诺 | M11: 客户指定 | O11: IPT2PFS035-GA-01P010 | Q11: 主体组合件 | R11: =IF(C11=O11,1,0) -> 1 | S11: N | T11: A02102660 | U11: 1 | V11: PCS | W11: 安费诺 | X11: 客户指定 | Y11: =IF(J11=U11,1,0) -> 1
A12: 11 | C12: IPT2PFS-S01-35P010 | D12: 压接屏蔽内环-35 | E12: N | F12: A03101954 | J12: 2 | K12: PCS | L12: 安费诺 | M12: 客户指定 | O12: IPT2PFS-S01-35P010 | Q12: 压接屏蔽内环-35 | R12: =IF(C12=O12,1,0) -> 1 | S12: N | T12: A03101954 | U12: 2 | V12: PCS | W12: 安费诺 | X12: 客户指定 | Y12: =IF(J12=U12,1,0) -> 1
A13: 12 | C13: IPT2PFS-S02-35P010 | D13: 压接屏蔽外环-35/50 | E13: N | F13: A03101953 | J13: 2 | K13: PCS | L13: 安费诺 | M13: 客户指定 | O13: IPT2PFS-S02-35P010 | Q13: 压接屏蔽外环-35/50 | R13: =IF(C13=O13,1,0) -> 1 | S13: N | T13: A03101953 | U13: 2 | V13: PCS | W13: 安费诺 | X13: 客户指定 | Y13: =IF(J13=U13,1,0) -> 1
A14: 13 | C14: IPT2PFS-M04-35P010 | D14: 屏蔽固定件-16/25/35 | E14: N | F14: A02102662 | J14: 4 | K14: PCS | L14: 安费诺 | M14: 客户指定 | O14: IPT2PFS-MO4-35P010 | P14: 相同物料，建SAP号时物料更正 物料型号MO4和M04的差异 | Q14: 屏蔽固定件-16/25/35 | R14: =IF(C14=O14,1,0) -> 0 | S14: N | T14: / | U14: 4 | V14: PCS | W14: 安费诺 | X14: 客户指定 | Y14: =IF(J14=U14,1,0) -> 1
A15: 14 | C15: IPT2PFS-R02-35P010 | D15: 密封圈-35 | E15: N | F15: A02102663 | J15: 2 | K15: PCS | L15: 安费诺 | M15: 客户指定 | O15: IPT2PFS-R02-35P010 | Q15: 密封圈-35 | R15: =IF(C15=O15,1,0) -> 1 | S15: N | T15: A02102663 | U15: 2 | V15: PCS | W15: 安费诺 | X15: 客户指定 | Y15: =IF(J15=U15,1,0) -> 1
A16: 15 | C16: IPT2PFS-M05-35P010 | D16: 尾盖-35 | E16: N | F16: A02105144 | J16: 2 | K16: PCS | L16: 安费诺 | M16: 客户指定 | O16: IPT2PFS-M05-35P010 | Q16: 尾盖-35 | R16: =IF(C16=O16,1,0) -> 1 | S16: N | T16: / | U16: 2 | V16: PCS | W16: 安费诺 | X16: 客户指定 | Y16: =IF(J16=U16,1,0) -> 1
A17: 16 | B17: HVPC2P1600FV535-NH-P010 接电池端 适配2*35mm²屏蔽铜包铝硅胶铝导线 | C17: HVPC2P1600FV5-NH-M-P010 | D17: 护套-90度-反装-CODE A | E17: N | F17: A02105143 | J17: 1 | K17: PCS | L17: 安费诺 | M17: 客户指定 | N17: HVPC2P1600FV535-NH-P010 接电池端 适配2*35mm²屏蔽铜包铝硅胶铝导线 | O17: HVPC2P1600FV5-NH-M-P010 | Q17: 护套-90度-反装-CODE A | R17: =IF(C17=O17,1,0) -> 1 | S17: N | T17: / | U17: 1 | V17: PCS | W17: 安费诺 | X17: 客户指定 | Y17: =IF(J17=U17,1,0) -> 1
A18: 17 | C18: HVPC2P1600FV-09-P010 | D18: 焊接端子-镀银 | E18: N | F18: A03103438 | J18: 2 | K18: PCS | L18: 安费诺 | M18: 客户指定 | O18: HVPC2P1600FV-09-P010 | Q18: 焊接端子-镀银 | R18: =IF(C18=O18,1,0) -> 1 | S18: N | T18: / | U18: 2 | V18: PCS | W18: 安费诺 | X18: 客户指定 | Y18: =IF(J18=U18,1,0) -> 1
A19: 18 | C19: HVPC2P1600FV-15P010 | D19: 挡板_黑色 | E19: N | F19: A02104375 | J19: 2 | K19: PCS | L19: 安费诺 | M19: 客户指定 | O19: HVPC2P1600FV-15-P010 | P19: 安费诺提供的两款连接器规格书中挡板使用的物料型号不同，因系统内内部物料统一使用不带-的料号 | Q19: 挡板_黑色 | R19: =IF(C19=O19,1,0) -> 0 | S19: N | T19: / | U19: 2 | V19: PCS | W19: 安费诺 | X19: 客户指定 | Y19: =IF(J19=U19,1,0) -> 1
A20: 19 | C20: HVPC2P1600FV-06-35P010 | D20: 插头外屏蔽环 | E20: N | F20: A03103387 | J20: 2 | K20: PCS | L20: 安费诺 | M20: 客户指定 | O20: HVPC2P1600FV-06-35-P010 | P20: 安费诺提供的两款连接器规格书中屏蔽环使用的物料型号不同，内部物料统一使用不带-的料号 | Q20: 外屏蔽环 | R20: =IF(C20=O20,1,0) -> 0 | S20: N | T20: / | U20: 2 | V20: PCS | W20: 安费诺 | X20: 客户指定 | Y20: =IF(J20=U20,1,0) -> 1
A21: 20 | C21: HVPC2P1800FS-11-25G-P010 | D21: 内屏蔽环 | E21: N | F21: A03103437 | J21: 2 | K21: PCS | L21: 安费诺 | M21: 客户指定 | O21: HVPC2P1800FS-11-25G-P010 | Q21: 内屏蔽环 | R21: =IF(C21=O21,1,0) -> 1 | S21: N | T21: / | U21: 2 | V21: PCS | W21: 安费诺 | X21: 客户指定 | Y21: =IF(J21=U21,1,0) -> 1
A22: 21 | C22: HVPC2P1600FV-12-35P010 | D22: 密封圈-黑色 | E22: N | F22: A02105020 | J22: 2 | K22: PCS | L22: 安费诺 | M22: 客户指定 | O22: HVPC2P1600FV-12-35-P010 | P22: 安费诺提供的两款连接器规格书中屏蔽环使用的物料型号不同，内部物料统一使用不带-的料号 | Q22: 密封圈-黑色 | R22: =IF(C22=O22,1,0) -> 0 | S22: N | T22: / | U22: 2 | V22: PCS | W22: 安费诺 | X22: 客户指定 | Y22: =IF(J22=U22,1,0) -> 1
A23: 22 | C23: HVPC2P1600FV-11-35P010 | D23: 线卡-黑色 | E23: N | F23: A02105018 | J23: 2 | K23: PCS | L23: 安费诺 | M23: 客户指定 | O23: HVPC2P1600FV-11-35-P010 | P23: 安费诺提供的两款连接器规格书中屏蔽环使用的物料型号不同，内部物料统一使用不带-的料号 | Q23: 线卡-黑色 | R23: =IF(C23=O23,1,0) -> 0 | S23: N | T23: / | U23: 2 | V23: PCS | W23: 安费诺 | X23: 客户指定 | Y23: =IF(J23=U23,1,0) -> 1
A24: 23 | C24: HVPC2P1600FV-10-35P010 | D24: 尾盖-橙色 | E24: N | F24: A02105019 | J24: 2 | K24: PCS | L24: 安费诺 | M24: 客户指定 | O24: HVPC2P1600FV-10-35-P010 | P24: 安费诺提供的两款连接器规格书中屏蔽环使用的物料型号不同，内部物料统一使用不带-的料号 | Q24: 尾盖-橙色 | R24: =IF(C24=O24,1,0) -> 0 | S24: N | T24: / | U24: 2 | V24: PCS | W24: 安费诺 | X24: 客户指定 | Y24: =IF(J24=U24,1,0) -> 1
A25: 24 | B25: HVPC2P1600FT525-NH-P010 接电池端 适配2*25mm²屏蔽铜包铝硅胶铜导线 | C25: HVPC2P1600FT5-NH-MP010 | D25: 护套（145度反装 A键位） | E25: N | F25: A02105032 | J25: 1 | K25: PCS | L25: 安费诺 | M25: 客户指定 | N25: HVPC2P1600FT525-NH-P010 接电池端 适配2*25mm²屏蔽铜包铝硅胶铜导线 | O25: HVPC2P1600FT5-NH-MP010 | Q25: 护套（145度反装 A键位） | R25: =IF(C25=O25,1,0) -> 1 | S25: N | T25: A02105032 | U25: 1 | V25: PCS | W25: 安费诺 | X25: 客户指定 | Y25: =IF(J25=U25,1,0) -> 1
A26: 25 | C26: HVPC2P1600FT-09P010 | D26: 插头端子-单粒焊接 | E26: N | F26: A03103389 | J26: 2 | K26: PCS | L26: 安费诺 | M26: 客户指定 | O26: HVPC2P1600FT-09P010 | Q26: 插头端子-单粒焊接 | R26: =IF(C26=O26,1,0) -> 1 | S26: N | T26: A03103389 | U26: 2 | V26: PCS | W26: 安费诺 | X26: 客户指定 | Y26: =IF(J26=U26,1,0) -> 1
A27: 26 | C27: HVPC2P1600FV-15P010 | D27: 挡板_黑色 | E27: N | F27: A02104375 | J27: 2 | K27: PCS | L27: 安费诺 | M27: 客户指定 | O27: HVPC2P1600FV-15P010 | Q27: 挡板 | R27: =IF(C27=O27,1,0) -> 1 | S27: N | T27: A02104375 | U27: 2 | V27: PCS | W27: 安费诺 | X27: 客户指定 | Y27: =IF(J27=U27,1,0) -> 1
A28: 27 | C28: HVPC2P1600FV-06-25P010 | D28: 插头外屏蔽环 | E28: N | F28: A03103410 | J28: 2 | K28: PCS | L28: 安费诺 | M28: 客户指定 | O28: HVPC2P1600FV-06-25P010 | Q28: 插头外屏蔽环 | R28: =IF(C28=O28,1,0) -> 1 | S28: N | T28: / | U28: 2 | V28: PCS | W28: 安费诺 | X28: 客户指定 | Y28: =IF(J28=U28,1,0) -> 1
A29: 28 | C29: HVPC2P1800FS-11-25P010 | D29: 插头屏蔽内环 | E29: N | F29: A03103409 | J29: 2 | K29: PCS | L29: 安费诺 | M29: 客户指定 | O29: HVPC2P1800FS-11-25P010 | Q29: 插头屏蔽内环 | R29: =IF(C29=O29,1,0) -> 1 | S29: N | T29: / | U29: 2 | V29: PCS | W29: 安费诺 | X29: 客户指定 | Y29: =IF(J29=U29,1,0) -> 1
A30: 29 | C30: HVPC2P1600FV-12-25P010 | D30: 插头线束密封圈 | E30: N | F30: A02105062 | J30: 2 | K30: PCS | L30: 安费诺 | M30: 客户指定 | O30: HVPC2P1600FV-12-25P010 | Q30: 插头线束密封圈 | R30: =IF(C30=O30,1,0) -> 1 | S30: N | T30: / | U30: 2 | V30: PCS | W30: 安费诺 | X30: 客户指定 | Y30: =IF(J30=U30,1,0) -> 1
A31: 30 | C31: HVPC2P1600FV-11-25P010 | D31: 插头线卡 | E31: N | F31: A02105060 | J31: 2 | K31: PCS | L31: 安费诺 | M31: 客户指定 | O31: HVPC2P1600FV-11-25P010 | Q31: 插头线卡 | R31: =IF(C31=O31,1,0) -> 1 | S31: N | T31: / | U31: 2 | V31: PCS | W31: 安费诺 | X31: 客户指定 | Y31: =IF(J31=U31,1,0) -> 1
A32: 31 | C32: HVPC2P1600FV-10-25P010 | D32: 插头尾盖 | E32: N | F32: A02105061 | J32: 2 | K32: PCS | L32: 安费诺 | M32: 客户指定 | O32: HVPC2P1600FV-10-25P010 | Q32: 插头尾盖 | R32: =IF(C32=O32,1,0) -> 1 | S32: N | T32: / | U32: 2 | V32: PCS | W32: 安费诺 | X32: 客户指定 | Y32: =IF(J32=U32,1,0) -> 1
A33: 32 | B33: IPT 压接端子 | C33: 1-2177380-1 | D33: IPT 压接端子 | E33: N | F33: A03000392 | J33: 2 | K33: PCS | L33: 泰科 | M33: ★ | N33: IPT 压接端子 | O33: 1-2177380-1 | Q33: IPT 压接端子 | R33: =IF(C33=O33,1,0) -> 1 | S33: N | T33: A03000392 | U33: 2 | V33: PCS | W33: TE | X33: ★ | Y33: =IF(J33=U33,1,0) -> 1
A34: 33 | B34: IPT2P25P001-P010（安费诺 不含端子） 接电驱端 适配2*25mm²屏蔽铜包铝硅胶铜导线 | C34: IPT3P-01-06 | D34: 特殊屏蔽件 | E34: N | F34: A02030991 | J34: 2 | K34: PCS | L34: 安费诺 | M34: 客户指定 | N34: IPT2P25P001-P010（安费诺 不含端子） 接电驱端 适配2*25mm²屏蔽铜包铝硅胶铜导线 | O34: IPT3P-01-06 | Q34: 特殊屏蔽件 | R34: =IF(C34=O34,1,0) -> 1 | S34: N | T34: A02030991 | U34: 2 | V34: PCS | W34: 安费诺 | X34: 客户指定 | Y34: =IF(J34=U34,1,0) -> 1
A35: 34 | C35: IPT3P-01-19 | D35: 25mm2 屏蔽外环 | E35: N | F35: A03103408 | J35: 2 | K35: PCS | L35: 安费诺 | M35: 客户指定 | O35: IPT3P-01-19 | Q35: 25mm2 屏蔽外环 | R35: =IF(C35=O35,1,0) -> 1 | S35: N | T35: / | U35: 2 | V35: PCS | W35: 安费诺 | X35: 客户指定 | Y35: =IF(J35=U35,1,0) -> 1
A36: 35 | C36: IPT3P-01-20 | D36: 25mm2 屏蔽内环 | E36: N | F36: A03103407 | J36: 2 | K36: PCS | L36: 安费诺 | M36: 客户指定 | O36: IPT3P-01-20 | Q36: 25mm2 屏蔽内环 | R36: =IF(C36=O36,1,0) -> 1 | S36: N | T36: / | U36: 2 | V36: PCS | W36: 安费诺 | X36: 客户指定 | Y36: =IF(J36=U36,1,0) -> 1
A37: 36 | C37: IPT3P-01-21 | D37: 护套密封圈 | E37: N | F37: A02030990 | J37: 2 | K37: PCS | L37: 安费诺 | M37: 客户指定 | O37: IPT3P-01-21 | Q37: 护套密封圈 | R37: =IF(C37=O37,1,0) -> 1 | S37: N | T37: A02030990 | U37: 2 | V37: PCS | W37: 安费诺 | X37: 客户指定 | Y37: =IF(J37=U37,1,0) -> 1
A38: 37 | C38: IPT2PP-01-01 | D38: 护套主体 | E38: N | F38: A02031898 | J38: 1 | K38: PCS | L38: 安费诺 | M38: 客户指定 | O38: IPT2PP-01-01 | Q38: 护套主体 | R38: =IF(C38=O38,1,0) -> 1 | S38: N | T38: A02031898 | U38: 1 | V38: PCS | W38: 安费诺 | X38: 客户指定 | Y38: =IF(J38=U38,1,0) -> 1
A39: 38 | C39: IPT3P-01-18 | D39: 25mm2 线密封圈 | E39: N | F39: A02105058 | J39: 2 | K39: PCS | L39: 安费诺 | M39: 客户指定 | O39: IPT3P-01-18 | Q39: 25mm2 线密封圈 | R39: =IF(C39=O39,1,0) -> 1 | S39: N | T39: / | U39: 2 | V39: PCS | W39: 安费诺 | X39: 客户指定 | Y39: =IF(J39=U39,1,0) -> 1
A40: 39 | C40: IPT3P-01-16 | D40: 25mm2 尾盖 | E40: N | F40: A02105059 | J40: 2 | K40: PCS | L40: 安费诺 | M40: 客户指定 | O40: IPT3P-01-16 | Q40: 25mm2 尾盖 | R40: =IF(C40=O40,1,0) -> 1 | S40: N | T40: / | U40: 2 | V40: PCS | W40: 安费诺 | X40: 客户指定 | Y40: =IF(J40=U40,1,0) -> 1
A41: 40 | B41: 2521188-1 （泰科，取消互锁，工具解锁） 接ACCM端 适配4mm²屏蔽铜包铝交联铝导线 | C41: 2509744-1 | D41: 护套 | E41: N | F41: A02105029 | J41: 1 | K41: PCS | L41: TE | M41: 客户指定 | N41: 2521188-1 （泰科，取消互锁，工具解锁） 接ACCM端 适配4mm²屏蔽铜包铝交联铝导线 | O41: 2509744-1 | Q41: 护套 | R41: =IF(C41=O41,1,0) -> 1 | S41: N | T41: / | U41: 1 | V41: PCS | W41: TE | X41: 客户指定 | Y41: =IF(J41=U41,1,0) -> 1
A42: 41 | C42: 2508246-1 | D42: 链式-焊接端子 | E42: N | F42: A03102426 | J42: 2 | K42: PCS | L42: TE | M42: 客户指定 | O42: 2508246-1 | Q42: 链式-焊接端子 | R42: =IF(C42=O42,1,0) -> 1 | S42: N | T42: A03102426 | U42: 2 | V42: PCS | W42: TE | X42: 客户指定 | Y42: =IF(J42=U42,1,0) -> 1
A43: 42 | C43: 2474445-5 | D43: 外屏蔽环 | E43: N | F43: A02104232 | J43: 2 | K43: PCS | L43: TE | M43: 客户指定 | O43: 2474445-5 | Q43: 外屏蔽环 | R43: =IF(C43=O43,1,0) -> 1 | S43: N | T43: A03103031 | U43: 2 | V43: PCS | W43: TE | X43: 客户指定 | Y43: =IF(J43=U43,1,0) -> 1
A44: 43 | C44: 1-2350495-3 | D44: 内屏蔽环 | E44: N | F44: A03032325 | J44: 2 | K44: PCS | L44: TE | M44: 客户指定 | O44: 1-2350495-3 | Q44: 内屏蔽环 | R44: =IF(C44=O44,1,0) -> 1 | S44: N | T44: A03032325 | U44: 2 | V44: PCS | W44: TE | X44: 客户指定 | Y44: =IF(J44=U44,1,0) -> 1
A45: 44 | C45: 2519472-1 | D45: 挡板 | E45: N | F45: A02105028 | J45: 2 | K45: PCS | L45: TE | M45: 客户指定 | O45: 2519472-1 | Q45: 挡板 | R45: =IF(C45=O45,1,0) -> 1 | S45: N | T45: / | U45: 2 | V45: PCS | W45: TE | X45: 客户指定 | Y45: =IF(J45=U45,1,0) -> 1
A46: 45 | C46: 2474450-5 | D46: 密封圈 | E46: N | F46: A03103031 | J46: 2 | K46: PCS | L46: TE | M46: 客户指定 | O46: 2474450-5 | Q46: 密封圈 | R46: =IF(C46=O46,1,0) -> 1 | S46: N | T46: A02104232 | U46: 2 | V46: PCS | W46: TE | X46: 客户指定 | Y46: =IF(J46=U46,1,0) -> 1
A47: 46 | C47: 2474448-5 | D47: 尾盖 | E47: N | F47: A02104233 | J47: 2 | K47: PCS | L47: TE | M47: 客户指定 | O47: 2474448-5 | Q47: 尾盖 | R47: =IF(C47=O47,1,0) -> 1 | S47: N | T47: A02104233 | U47: 2 | V47: PCS | W47: TE | X47: 客户指定 | Y47: =IF(J47=U47,1,0) -> 1
A48: 47 | B48: YGC1612-EV-P2PWNA1-4 135度角度出线 （永贵带50A保险，取消互锁，工具解锁） 接电池端 适配4mm²屏蔽铜包铝交联铝导线 | C48: 113990002546 | D48: YGC1612-EV-P2PWNA1插头组件 | E48: N | F48: A02105150 | J48: 1 | K48: PCS | L48: 永贵 | M48: 客户指定 | N48: YGC1612-EV-P2PWNA1-4 135度角度出线 （永贵带50A保险，取消互锁，工具解锁） 接电池端 适配2*4mm²屏蔽铜包铝交联铝导线 | O48: 113990002546 | P48: 文本格式不一致 | Q48: YGC1612-EV-P2PWNA1插头组件 | R48: =IF(C48=O48,1,0) -> 0 | S48: N | T48: A02105150 | U48: 1 | V48: PCS | W48: 永贵 | X48: 客户指定 | Y48: =IF(J48=U48,1,0) -> 1
A49: 48 | C49: 113020602561 | D49: 5.8×0.8WABOO3-(T40-T60)SW孔端子组件-链式 | E49: N | F49: A03103441 | J49: 1 | K49: PCS | L49: 永贵 | M49: 客户指定 | O49: 113020602561 | P49: 文本格式不一致 | Q49: 5.8×0.8WABOO3-(T40-T60)SW孔端子组件-链式 | R49: =IF(C49=O49,1,0) -> 0 | S49: N | T49: A03103441 | U49: 1 | V49: PCS | W49: 永贵 | X49: 客户指定 | Y49: =IF(J49=U49,1,0) -> 1
A50: 49 | C50: 113029800652 | D50: 5.8×0.8WAS002-(T40-T60)SW针端子组件-链式 | E50: N | F50: A03103442 | J50: 1 | K50: PCS | L50: 永贵 | M50: 客户指定 | O50: 113029800652 | P50: 文本格式不一致 | Q50: 5.8×0.8WAS002-(T40-T60)SW针端子组件-链式 | R50: =IF(C50=O50,1,0) -> 0 | S50: N | T50: A03103442 | U50: 1 | V50: PCS | W50: 永贵 | X50: 客户指定 | Y50: =IF(J50=U50,1,0) -> 1
C51: 114069807127 | D51: YG1612垫片 | E51: N | F51: A02105348 | J51: 1 | K51: PCS | L51: 永贵 | M51: 客户指定 | P51: 永贵资料更新增加一颗垫片 | R51: =IF(C51=O51,1,0) -> 0 | Y51: =IF(J51=U51,1,0) -> 0
A52: 50 | C52: 114022500495 | D52: YG1467屏蔽件-外-4 | E52: N | F52: A03103443 | J52: 2 | K52: PCS | L52: 永贵 | M52: 客户指定 | O52: 114022500495 | P52: 文本格式不一致 | Q52: YG1467屏蔽件-外-4 | R52: =IF(C52=O52,1,0) -> 0 | S52: N | T52: A03103443 | U52: 2 | V52: PCS | W52: 永贵 | X52: 客户指定 | Y52: =IF(J52=U52,1,0) -> 1
A53: 51 | C53: 114022500492 | D53: YG1467屏蔽件-内-4 | E53: N | F53: A03103444 | J53: 2 | K53: PCS | L53: 永贵 | M53: 客户指定 | O53: 114022500492 | P53: 文本格式不一致 | Q53: YG1467屏蔽件-内-4 | R53: =IF(C53=O53,1,0) -> 0 | S53: N | T53: A03103444 | U53: 2 | V53: PCS | W53: 永贵 | X53: 客户指定 | Y53: =IF(J53=U53,1,0) -> 1
A54: 52 | C54: 114050501799 | D54: YGEV2-1封线体-13.9 | E54: N | F54: A02101178 | J54: 1 | K54: PCS | L54: 永贵 | M54: 客户指定 | O54: 114050501799 | P54: 文本格式不一致 | Q54: YGEV2-1封线体-13.9 | R54: =IF(C54=O54,1,0) -> 0 | S54: N | T54: A02101178 | U54: 1 | V54: PCS | W54: 永贵 | X54: 客户指定 | Y54: =IF(J54=U54,1,0) -> 1
A55: 53 | C55: 114050502508 | D55: YG1612-1封线体-Ф3.9 | E55: N | F55: A02105146 | J55: 1 | K55: PCS | L55: 永贵 | M55: 客户指定 | O55: 114050502508 | P55: 文本格式不一致 | Q55: YG1612-1封线体-Ф3.9 | R55: =IF(C55=O55,1,0) -> 0 | S55: N | T55: A02105146 | U55: 1 | V55: PCS | W55: 永贵 | X55: 客户指定 | Y55: =IF(J55=U55,1,0) -> 1
A56: 54 | C56: 114069806819 | D56: Ф6.7尾盖(黑) | E56: N | F56: A02105148 | J56: 1 | K56: PCS | L56: 永贵 | M56: 客户指定 | O56: 114069806819 | P56: 文本格式不一致 | Q56: Ф6.7尾盖(黑) | R56: =IF(C56=O56,1,0) -> 0 | S56: N | T56: A02105148 | U56: 1 | V56: PCS | W56: 永贵 | X56: 客户指定 | Y56: =IF(J56=U56,1,0) -> 1
A57: 55 | C57: 114069807132 | D57: Ф6尾盖1(黑) | E57: N | F57: A02105147 | J57: 1 | K57: PCS | L57: 永贵 | M57: 客户指定 | O57: 114069807132 | P57: 文本格式不一致 | Q57: Ф6尾盖1(黑) | R57: =IF(C57=O57,1,0) -> 0 | S57: N | T57: A02105147 | U57: 1 | V57: PCS | W57: 永贵 | X57: 客户指定 | Y57: =IF(J57=U57,1,0) -> 1
A58: 56 | B58: YGC1176D-EV-S(2+2)PT YG1176D（永贵，取消互锁，工具解锁） 接PTC 适配2*4mm²屏蔽铜包铝交联铝导线 | C58: 112030109557 | D58: YGC1176D-EV-S(2+2)PT插头 | E58: N | F58: A02105343 | J58: 1 | K58: PCS | L58: 永贵 | M58: 客户指定 | P58: 永贵护套新开发最初没有料号 | R58: =IF(C58=O58,1,0) -> 0 | Y58: =IF(J58=U58,1,0) -> 0
A59: 57 | C59: 115490007801 | D59: 链式-焊接端子 | E59: N | F59: A03103445 | J59: 2 | K59: PCS | L59: 永贵 | M59: 客户指定 | N59: YG1176D（永贵，取消互锁，工具解锁） 接PTC 适配2*4mm²屏蔽铜包铝交联铝导线 | O59: 115490007801 | P59: 文本格式不一致 | Q59: 链式-焊接端子 | R59: =IF(C59=O59,1,0) -> 0 | S59: N | T59: A03103445 | U59: 2 | V59: PCS | W59: 永贵 | X59: 客户指定 | Y59: =IF(J59=U59,1,0) -> 1
A60: 58 | C60: 114022500492 | D60: YG1467屏蔽件-内-4 | E60: N | F60: A03103444 | J60: 2 | K60: PCS | L60: 永贵 | M60: 客户指定 | O60: 114022500492 | P60: 文本格式不一致 | Q60: YG1467屏蔽件-内-4 | R60: =IF(C60=O60,1,0) -> 0 | S60: N | T60: A03103444 | U60: 2 | V60: PCS | W60: 永贵 | X60: 客户指定 | Y60: =IF(J60=U60,1,0) -> 1
A61: 59 | C61: 114022500495 | D61: YG1467屏蔽件-外-4 | E61: N | F61: A03103443 | J61: 2 | K61: PCS | L61: 永贵 | M61: 客户指定 | O61: 114022500495 | P61: 文本格式不一致 | Q61: YG1467屏蔽件-外-4 | R61: =IF(C61=O61,1,0) -> 0 | S61: N | T61: A03103443 | U61: 2 | V61: PCS | W61: 永贵 | X61: 客户指定 | Y61: =IF(J61=U61,1,0) -> 1
A62: 61 | C62: 113990001502 | D62: Ф6尾盖组件 | E62: N | F62: A02105149 | J62: 1 | K62: PCS | L62: 永贵 | M62: 客户指定 | O62: 113990001502 | P62: 文本格式不一致 | Q62: Ф6尾盖组件 | R62: =IF(C62=O62,1,0) -> 0 | S62: N | T62: A02105149 | U62: 1 | V62: PCS | W62: 永贵 | X62: 客户指定 | Y62: =IF(J62=U62,1,0) -> 1
A63: 62 | B63: F02-372011-111 二分四分线器 适配6*4mm²屏蔽铜包铝交联铝导线 | C63: F02-372010-B04 | D63: 左尾盖 | E63: N | F63: A02104778 | J63: 1 | K63: PCS | L63: 八达 | M63: 客户指定 | N63: F02-372011-111 二分四分线器 适配6*4mm²屏蔽铜包铝交联铝导线 | O63: F02-372010-B04 | Q63: 左尾盖 | R63: =IF(C63=O63,1,0) -> 1 | S63: N | T63: / | U63: 1 | V63: PCS | W63: 八达 | X63: 客户指定 | Y63: =IF(J63=U63,1,0) -> 1
A64: 63 | C64: F02-372010-G01 | D64: 密封圈 | E64: N | F64: A02104777 | J64: 1 | K64: PCS | L64: 八达 | M64: 客户指定 | O64: F02-372010-G01 | Q64: 密封圈 | R64: =IF(C64=O64,1,0) -> 1 | S64: N | T64: / | U64: 1 | V64: PCS | W64: 八达 | X64: 客户指定 | Y64: =IF(J64=U64,1,0) -> 1
A65: 64 | C65: F02-372010-03H | D65: 屏蔽环 | E65: N | F65: A03103293 | J65: 4 | K65: PCS | L65: 八达 | M65: 客户指定 | O65: F02-372010-03H | Q65: 屏蔽环 | R65: =IF(C65=O65,1,0) -> 1 | S65: N | T65: / | U65: 4 | V65: PCS | W65: 八达 | X65: 客户指定 | Y65: =IF(J65=U65,1,0) -> 1
A66: 65 | C66: F02-372010-B06 | D66: 上内壳体 | E66: N | F66: A02105137 | J66: 2 | K66: PCS | L66: 八达 | M66: 客户指定 | O66: F02-372010-B06 | Q66: 上内壳体 | R66: =IF(C66=O66,1,0) -> 1 | S66: N | T66: / | U66: 2 | V66: PCS | W66: 八达 | X66: 客户指定 | Y66: =IF(J66=U66,1,0) -> 1
A67: 66 | C67: F02-372010-05H | D67: 上屏蔽罩 | E67: N | F67: A02105136 | J67: 2 | K67: PCS | L67: 八达 | M67: 客户指定 | O67: F02-372010-05H | Q67: 上屏蔽罩 | R67: =IF(C67=O67,1,0) -> 1 | S67: N | T67: / | U67: 2 | V67: PCS | W67: 八达 | X67: 客户指定 | Y67: =IF(J67=U67,1,0) -> 1
A68: 67 | C68: F02-372010-B07 | D68: 下内壳体 | E68: N | F68: A02105139 | J68: 2 | K68: PCS | L68: 八达 | M68: 客户指定 | O68: F02-372010-B07 | Q68: 下内壳体 | R68: =IF(C68=O68,1,0) -> 1 | S68: N | T68: / | U68: 2 | V68: PCS | W68: 八达 | X68: 客户指定 | Y68: =IF(J68=U68,1,0) -> 1
A69: 68 | C69: F02-372010-06H | D69: 下屏蔽罩 | E69: N | F69: A02105138 | J69: 2 | K69: PCS | L69: 八达 | M69: 客户指定 | O69: F02-372010-06H | Q69: 下屏蔽罩 | R69: =IF(C69=O69,1,0) -> 1 | S69: N | T69: / | U69: 2 | V69: PCS | W69: 八达 | X69: 客户指定 | Y69: =IF(J69=U69,1,0) -> 1
A70: 69 | C70: F02-372010-04H | D70: 屏蔽环 | E70: N | F70: A03103292 | J70: 2 | K70: PCS | L70: 八达 | M70: 客户指定 | O70: F02-372010-04H | Q70: 屏蔽环 | R70: =IF(C70=O70,1,0) -> 1 | S70: N | T70: / | U70: 2 | V70: PCS | W70: 八达 | X70: 客户指定 | Y70: =IF(J70=U70,1,0) -> 1
A71: 70 | C71: F11-001-000082 | D71: 护套 | E71: N | F71: A05100590 | J71: 1 | K71: PCS | L71: 八达 | M71: 客户指定 | O71: F11-001-000082 | Q71: 护套 | R71: =IF(C71=O71,1,0) -> 1 | S71: N | T71: / | U71: 1 | V71: PCS | W71: 八达 | X71: 客户指定 | Y71: =IF(J71=U71,1,0) -> 1
A72: 71 | C72: F02-372010-G04 | D72: 密封圈 | E72: N | F72: A02105134 | J72: 1 | K72: PCS | L72: 八达 | M72: 客户指定 | O72: F02-372010-G04 | Q72: 密封圈 | R72: =IF(C72=O72,1,0) -> 1 | S72: N | T72: / | U72: 1 | V72: PCS | W72: 八达 | X72: 客户指定 | Y72: =IF(J72=U72,1,0) -> 1
A73: 72 | C73: F02-372010-B08 | D73: 尾盖 | E73: N | F73: A02105135 | J73: 1 | K73: PCS | L73: 八达 | M73: 客户指定 | O73: F02-372010-B08 | Q73: 尾盖 | R73: =IF(C73=O73,1,0) -> 1 | S73: N | T73: / | U73: 1 | V73: PCS | W73: 八达 | X73: 客户指定 | Y73: =IF(J73=U73,1,0) -> 1
A74: 73 | B74: 1-2509498-1 （TE，取消互锁，工具解锁） 接PTC 适配4mm²屏蔽铜包铝交联铝导线 | C74: 1-2509498-1 | D74: 护套 | E74: N | F74: A02104830 | J74: 1 | K74: PCS | L74: TE | M74: 客户指定 | N74: 1-2509498-1 （TE，取消互锁，工具解锁） 接PTC 适配4mm²屏蔽铜包铝交联铝导线 TE总成号是2521928-1 CODE A | O74: 1-2509498-1 | Q74: 护套 | R74: =IF(C74=O74,1,0) -> 1 | S74: N | T74: A02104830 | U74: 1 | V74: PCS | W74: TE | X74: 客户指定 | Y74: =IF(J74=U74,1,0) -> 1
A75: 74 | C75: 2508246-1 | D75: 链式-焊接端子 | E75: N | F75: A03102426 | J75: 2 | K75: PCS | L75: TE | M75: 客户指定 | O75: 2508246-1 | Q75: 链式-焊接端子 | R75: =IF(C75=O75,1,0) -> 1 | S75: N | T75: A03102426 | U75: 2 | V75: PCS | W75: TE | X75: 客户指定 | Y75: =IF(J75=U75,1,0) -> 1
A76: 75 | C76: 2350478-3 | D76: 外屏蔽环 | E76: N | F76: A03031396 | J76: 2 | K76: PCS | L76: TE | M76: 客户指定 | O76: 2350478-3 | Q76: 外屏蔽环 | R76: =IF(C76=O76,1,0) -> 1 | S76: N | T76: A03031396 | U76: 2 | V76: PCS | W76: TE | X76: 客户指定 | Y76: =IF(J76=U76,1,0) -> 1
A77: 76 | C77: 1-2350495-3 | D77: 内屏蔽环 | E77: N | F77: A03032325 | J77: 2 | K77: PCS | L77: TE | M77: 客户指定 | O77: 1-2350495-3 | Q77: 内屏蔽环 | R77: =IF(C77=O77,1,0) -> 1 | S77: N | T77: A03032325 | U77: 2 | V77: PCS | W77: TE | X77: 客户指定 | Y77: =IF(J77=U77,1,0) -> 1
A78: 77 | C78: 2481575-2 | D78: 开口-垫片 | E78: N | F78: A02101462 | J78: 1 | K78: PCS | L78: TE | M78: 客户指定 | O78: 2481575-2 | Q78: 开口-垫片 | R78: =IF(C78=O78,1,0) -> 1 | S78: N | T78: A02101462 | U78: 1 | V78: PCS | W78: TE | X78: 客户指定 | Y78: =IF(J78=U78,1,0) -> 1
A79: 78 | C79: 2404135-2 | D79: 密封圈 | E79: N | F79: A02103713 | J79: 1 | K79: PCS | L79: TE | M79: 客户指定 | O79: 2404135-2 | Q79: 密封圈 | R79: =IF(C79=O79,1,0) -> 1 | S79: N | T79: A02103713 | U79: 1 | V79: PCS | W79: TE | X79: 客户指定 | Y79: =IF(J79=U79,1,0) -> 1
A80: 79 | C80: 1-2310469-5 | D80: 尾盖 | E80: N | F80: A02033357 | J80: 1 | K80: PCS | L80: TE | M80: 客户指定 | O80: 1-2310469-5 | Q80: 尾盖 | R80: =IF(C80=O80,1,0) -> 1 | S80: N | T80: A02033357 | U80: 1 | V80: PCS | W80: TE | X80: 客户指定 | Y80: =IF(J80=U80,1,0) -> 1
A81: 80 | B81: PEVC-040-P42A-004-W （菲尼克斯带，取消互锁，工具解锁） 接电驱 适配4mm²屏蔽铜包铝交联铝导线 | C81: 1890945 | D81: 护套-插头半成品 | E81: N | F81: A02105026 | J81: 1 | K81: PCS | L81: 菲尼克斯 | M81: 客户指定 | N81: PEVC-040-P42A-004-W （菲尼克斯带，取消互锁，工具解锁） 接电驱 适配4mm²屏蔽铜包铝交联铝导线 | O81: 1890945 | Q81: 护套-插头半成品 | R81: =IF(C81=O81,1,0) -> 1 | S81: N | T81: / | U81: 1 | V81: PCS | W81: 菲尼克斯 | X81: 客户指定 | Y81: =IF(J81=U81,1,0) -> 1
A82: 81 | C82: 1890948 | D82: 焊接端子 | E82: N | F82: A03103392 | J82: 2 | K82: PCS | L82: 菲尼克斯 | M82: 客户指定 | O82: 1890948 | Q82: 焊接端子 | R82: =IF(C82=O82,1,0) -> 1 | S82: N | T82: / | U82: 2 | V82: PCS | W82: 菲尼克斯 | X82: 客户指定 | Y82: =IF(J82=U82,1,0) -> 1
A83: 82 | C83: 1806556 | D83: 屏蔽外环 | E83: N | F83: A03103390 | J83: 2 | K83: PCS | L83: 菲尼克斯 | M83: 客户指定 | O83: 1806556 | Q83: 屏蔽外环 | R83: =IF(C83=O83,1,0) -> 1 | S83: N | T83: / | U83: 2 | V83: PCS | W83: 菲尼克斯 | X83: 客户指定 | Y83: =IF(J83=U83,1,0) -> 1
A84: 83 | C84: 1806554 | D84: 4方屏蔽内环 | E84: N | F84: A03103391 | J84: 2 | K84: PCS | L84: 菲尼克斯 | M84: 客户指定 | O84: 1806554 | Q84: 4方屏蔽内环 | R84: =IF(C84=O84,1,0) -> 1 | S84: N | T84: / | U84: 2 | V84: PCS | W84: 菲尼克斯 | X84: 客户指定 | Y84: =IF(J84=U84,1,0) -> 1
A85: 84 | C85: 1806550 | D85: 4方线束密封圈(红色) | E85: N | F85: A02105023 | J85: 4 | K85: PCS | L85: 菲尼克斯 | M85: 客户指定 | O85: 1806550 | Q85: 4方线束密封圈(红色) | R85: =IF(C85=O85,1,0) -> 1 | S85: N | T85: / | U85: 4 | V85: PCS | W85: 菲尼克斯 | X85: 客户指定 | Y85: =IF(J85=U85,1,0) -> 1
A86: 85 | C86: 1806425 | D86: 4方线束尾盖(红色) | E86: N | F86: A02105024 | J86: 4 | K86: PCS | L86: 菲尼克斯 | M86: 客户指定 | O86: 1806425 | P86: 菲尼克斯的尾盖单耗不一致，实际应为4个 | Q86: 4方线束尾盖(红色) | R86: =IF(C86=O86,1,0) -> 1 | S86: N | T86: / | U86: 2 | V86: PCS | W86: 菲尼克斯 | X86: 客户指定 | Y86: =IF(J86=U86,1,0) -> 0
A87: 86 | C87: 1806416 | D87: 4方盲堵(红色) | E87: N | F87: A02105022 | J87: 2 | K87: PCS | L87: 菲尼克斯 | M87: 客户指定 | O87: 1806416 | Q87: 4方盲堵(红色) | R87: =IF(C87=O87,1,0) -> 1 | S87: N | T87: / | U87: 2 | V87: PCS | W87: 菲尼克斯 | X87: 客户指定 | Y87: =IF(J87=U87,1,0) -> 1
A88: 87 | B88: 2523328-1 组合式充电插座(带电子锁，防尘盖) DC：120mm²非屏蔽硅胶铝导线 AC：6mm²非屏蔽铝导线 DC接地：6mm²非屏蔽黄绿铜导线 AC接地：5mm²非屏蔽黄绿铜导线 | C88: 2519063-1 | D88: 防尘盖组件 | E88: N | F88: A02105132 | J88: 1 | K88: PCS | L88: TE | M88: 客户指定 | N88: 2523328-1 组合式充电插座(带电子锁，防尘盖) DC：120mm²非屏蔽硅胶铝导线 AC：6mm²非屏蔽铝导线 DC接地：6mm²非屏蔽黄绿铜导线 AC接地：5mm²非屏蔽黄绿铜导线 | O88: 2519063-1 | Q88: 防尘盖组件 | R88: =IF(C88=O88,1,0) -> 1 | S88: N | T88: / | U88: 1 | V88: PCS | W88: TE | X88: 客户指定 | Y88: =IF(J88=U88,1,0) -> 1
A89: 88 | C89: 2490531-6 | D89: 法兰盘面板 | E89: N | F89: A05100638 | J89: 1 | K89: PCS | L89: TE | M89: 客户指定 | O89: 2490531-6 | Q89: 法兰盘面板 | R89: =IF(C89=O89,1,0) -> 1 | S89: N | T89: / | U89: 1 | V89: PCS | W89: TE | X89: 客户指定 | Y89: =IF(J89=U89,1,0) -> 1
A90: 89 | C90: 2521766-1 | D90: 直流壳体组件 | E90: N | F90: A05100637 | J90: 1 | K90: PCS | L90: TE | M90: 客户指定 | O90: 2521766-1 | Q90: 直流壳体组件 | R90: =IF(C90=O90,1,0) -> 1 | S90: N | T90: / | U90: 1 | V90: PCS | W90: TE | X90: 客户指定 | Y90: =IF(J90=U90,1,0) -> 1
A91: 90 | C91: 2495482-6 | D91: DC-焊接端子组件 | E91: N | F91: A03103436 | J91: 2 | K91: PCS | L91: TE | M91: 客户指定 | O91: 2495482-6 | Q91: DC-焊接端子组件 | R91: =IF(C91=O91,1,0) -> 1 | S91: N | T91: / | U91: 2 | V91: PCS | W91: TE | X91: 客户指定 | Y91: =IF(J91=U91,1,0) -> 1
A92: 91 | C92: 2521057-1 | D92: DC-PE-压接端子 | E92: N | F92: A05100556 | J92: 1 | K92: PCS | L92: TE | M92: 客户指定 | O92: 2521057-1 | Q92: DC-PE-压接端子 | R92: =IF(C92=O92,1,0) -> 1 | S92: N | T92: A05100556 | U92: 1 | V92: PCS | W92: TE | X92: 客户指定 | Y92: =IF(J92=U92,1,0) -> 1
A93: 92 | C93: 2411162-9 | D93: 密封圈-DC-焊接端子 | E93: N | F93: A02104529 | J93: 2 | K93: PCS | L93: TE | M93: 客户指定 | O93: 2411162-9 | Q93: 密封圈-DC-焊接端子 | R93: =IF(C93=O93,1,0) -> 1 | S93: N | T93: A02104529 | U93: 2 | V93: PCS | W93: TE | X93: 客户指定 | Y93: =IF(J93=U93,1,0) -> 1
A94: 93 | C94: 2403723-6 | D94: PE线密封圈 | E94: N | F94: A02104531 | J94: 1 | K94: PCS | L94: TE | M94: 客户指定 | O94: 2403723-6 | Q94: PE线密封圈 | R94: =IF(C94=O94,1,0) -> 1 | S94: N | T94: A02104531 | U94: 1 | V94: PCS | W94: TE | X94: 客户指定 | Y94: =IF(J94=U94,1,0) -> 1
A95: 94 | C95: 2403722-7 | D95: PE尾盖 | E95: N | F95: A02104533 | J95: 1 | K95: PCS | L95: TE | M95: 客户指定 | O95: 2403722-7 | Q95: PE尾盖 | R95: =IF(C95=O95,1,0) -> 1 | S95: N | T95: A02104533 | U95: 1 | V95: PCS | W95: TE | X95: 客户指定 | Y95: =IF(J95=U95,1,0) -> 1
A96: 95 | C96: 2406408-1 | D96: DC线密封圈 | E96: N | F96: A02105133 | J96: 2 | K96: PCS | L96: TE | M96: 客户指定 | O96: 2406408-1 | Q96: DC线密封圈 | R96: =IF(C96=O96,1,0) -> 1 | S96: N | T96: / | U96: 2 | V96: PCS | W96: TE | X96: 客户指定 | Y96: =IF(J96=U96,1,0) -> 1
A97: 96 | C97: 2406406-1 | D97: DC尾盖 | E97: N | F97: A02105131 | J97: 2 | K97: PCS | L97: TE | M97: 客户指定 | O97: 2406406-1 | Q97: DC尾盖 | R97: =IF(C97=O97,1,0) -> 1 | S97: N | T97: / | U97: 2 | V97: PCS | W97: TE | X97: 客户指定 | Y97: =IF(J97=U97,1,0) -> 1
A98: 97 | C98: 2517495-1 | D98: 交流壳体组件 | E98: N | F98: A05100636 | J98: 1 | K98: PCS | L98: TE | M98: 客户指定 | O98: 2517495-1 | Q98: 交流壳体组件 | R98: =IF(C98=O98,1,0) -> 1 | S98: N | T98: / | U98: 1 | V98: PCS | W98: TE | X98: 客户指定 | Y98: =IF(J98=U98,1,0) -> 1
A99: 98 | C99: 2519345-1 | D99: AC+AC-PE焊接端子 | E99: N | F99: A03103175 | J99: 3 | K99: PCS | L99: TE | M99: 客户指定 | O99: 2519345-1 | Q99: AC+AC-PE焊接端子 | R99: =IF(C99=O99,1,0) -> 1 | S99: N | T99: A03103175 | U99: 3 | V99: PCS | W99: TE | X99: 客户指定 | Y99: =IF(J99=U99,1,0) -> 1
A100: 99 | C100: 2500438-1 | D100: 密封圈-AC+AC-PE焊接端子 | E100: N | F100: A02104528 | J100: 3 | K100: PCS | L100: TE | M100: 客户指定 | O100: 2500438-1 | Q100: 密封圈-AC+AC-PE焊接端子 | R100: =IF(C100=O100,1,0) -> 1 | S100: N | T100: A02104528 | U100: 3 | V100: PCS | W100: TE | X100: 客户指定 | Y100: =IF(J100=U100,1,0) -> 1
...

Sheet KSK线束BOM明细
A1: 线束零件号 | B1: 零件名称 | C1: 总成号 | D1: 零件号 | E1: 物料名称/零件名称 | F1: 是否半成品 | G1: 物料型号/SAP | J1: 回路 | K1: 数量 | L1: 单位 | M1: 供应商 | N1: 其他备注
A2: 6608491523 | B2: 直流母线总成 | C2: HVPC2P1600FT535-NH-P010 接电池端 适配2*35mm²屏蔽铜包铝硅胶铝导线 | D2: HVPC2P1600FT5-NH-MP010 | E2: 护套（145度反装 A键位） | F2: N | G2: A02105032 | K2: 1 | L2: PCS | M2: 安费诺 | N2: 客户指定
A3: 6608491523 | B3: 直流母线总成 | D3: HVPC2P1600FT-09P010 | E3: 插头端子-单粒焊接 | F3: N | G3: A03103389 | K3: 2 | L3: PCS | M3: 安费诺 | N3: 客户指定
A4: 6608491523 | B4: 直流母线总成 | D4: HVPC2P1600FV-15P010 | E4: 挡板_黑色 | F4: N | G4: A02104375 | K4: 2 | L4: PCS | M4: 安费诺 | N4: 客户指定
A5: 6608491523 | B5: 直流母线总成 | D5: HVPC2P1600FV-06-35P010 | E5: 插头外屏蔽环 | F5: N | G5: A03103387 | K5: 2 | L5: PCS | M5: 安费诺 | N5: 客户指定
A6: 6608491523 | B6: 直流母线总成 | D6: HVC2P80FS1-47P010 | E6: 插头屏蔽内环 | F6: N | G6: A03103388 | K6: 2 | L6: PCS | M6: 安费诺 | N6: 客户指定
A7: 6608491523 | B7: 直流母线总成 | D7: HVPC2P1600FV-12-35P010 | E7: 插头线束密封圈 | F7: N | G7: A02105020 | K7: 2 | L7: PCS | M7: 安费诺 | N7: 客户指定
A8: 6608491523 | B8: 直流母线总成 | D8: HVPC2P1600FV-11-35P010 | E8: 插头线卡 | F8: N | G8: A02105018 | K8: 2 | L8: PCS | M8: 安费诺 | N8: 客户指定
A9: 6608491523 | B9: 直流母线总成 | D9: HVPC2P1600FV-10-35P010 | E9: 插头尾盖 | F9: N | G9: A02105019 | K9: 2 | L9: PCS | M9: 安费诺 | N9: 客户指定
A10: 6608491523 | B10: 直流母线总成 | C10: IPT2PFS035-S02P010（安费诺） 接电驱端 适配2*35mm²屏蔽铜包铝硅胶铝导线 | D10: N022525276C | E10: 焊接端子-70 | F10: N | G10: A03103440 | K10: 2 | L10: PCS | M10: 安费诺 | N10: 客户指定
A11: 6608491523 | B11: 直流母线总成 | D11: IPT2PFS035-GA-01P010 | E11: 主体组合件 | F11: N | G11: A02102660 | K11: 1 | L11: PCS | M11: 安费诺 | N11: 客户指定
A12: 6608491523 | B12: 直流母线总成 | D12: IPT2PFS-S01-35P010 | E12: 压接屏蔽内环-35 | F12: N | G12: A03101954 | K12: 2 | L12: PCS | M12: 安费诺 | N12: 客户指定
A13: 6608491523 | B13: 直流母线总成 | D13: IPT2PFS-S02-35P010 | E13: 压接屏蔽外环-35/50 | F13: N | G13: A03101953 | K13: 2 | L13: PCS | M13: 安费诺 | N13: 客户指定
A14: 6608491523 | B14: 直流母线总成 | D14: IPT2PFS-M04-35P010 | E14: 屏蔽固定件-16/25/35 | F14: N | G14: A02102662 | K14: 4 | L14: PCS | M14: 安费诺 | N14: 客户指定
A15: 6608491523 | B15: 直流母线总成 | D15: IPT2PFS-R02-35P010 | E15: 密封圈-35 | F15: N | G15: A02102663 | K15: 2 | L15: PCS | M15: 安费诺 | N15: 客户指定
A16: 6608491523 | B16: 直流母线总成 | D16: IPT2PFS-M05-35P010 | E16: 尾盖-35 | F16: N | G16: A02105144 | K16: 2 | L16: PCS | M16: 安费诺 | N16: 客户指定
A17: 6608491523 | B17: 直流母线总成 | D17: HS-125(3X) 18-30 | E17: 不带胶-热缩管 | F17: N | G17: A04102622 | K17: 2 | L17: PCS | M17: 长春海达 | N17: ★
A18: 6608491523 | B18: 直流母线总成 | D18: FHLALR2GCCAATB2G/35.0/橙 | E18: 35mm²屏蔽镀锡铜包铝硅胶铝导线 | F18: N | G18: A01103420 | K18: 1.59 | L18: M | M18: 太平洋 | N18: ★
A19: 6608491523 | B19: 直流母线总成 | D19: SCS2165A016 | E19: 16OR橙色编织套管 | F19: N | G19: A04101476 | K19: 1.15 | L19: M | M19: 骏鼎达 | N19: ★
A20: 6608491523 | B20: 直流母线总成 | D20: LY5016019-OR2 | E20: 橙色布基胶带 | F20: N | G20: A04101159 | K20: 4.6 | L20: M | M20: 联益 | N20: ★
A21: 6608491523 | B21: 直流母线总成 | D21: E281-HB-04 | E21: 塑料支架（带2个衬套） | F21: N | G21: A06102155 | K21: 1 | L21: PCS | M21: 上海程达 | N21: ★
A22: 6608491523 | B22: 直流母线总成 | D22: E281-ZJ-06 | E22: 金属支架 | F22: N | G22: A06102146 | K22: 1 | L22: PCS | M22: 华凯 | N22: ★
... A25: 6608491523 | B25: 直流母线总成 | D25: 111-00563 | E25: 扎带绳 | F25: N | G25: A06010012 | K25: 6 | L25: PCS | M25: 海尔曼太通 | N25: ★
A26: 6608491523 | B26: 直流母线总成 | D26: X1-BQ-01 标签140x30mm | E26: 产品标签 | F26: N | G26: 70002326 | K26: 1 | L26: PCS | M26: 洪众
A27: 6608491524 | B27: 直流母线总成 | C27: HVPC2P1600FV535-NH-P010 接电池端 适配2*35mm²屏蔽铜包铝硅胶铝导线 | D27: HVPC2P1600FV5-NH-M-P010 | E27: 护套-90度-反装-CODE A | F27: N | G27: A02105143 | K27: 1 | L27: PCS | M27: 安费诺 | N27: 客户指定
A28: 6608491524 | B28: 直流母线总成 | D28: HVPC2P1600FV-09-P010 | E28: 焊接端子-镀银 | F28: N | G28: A03103438 | K28: 2 | L28: PCS | M28: 安费诺 | N28: 客户指定
A29: 6608491524 | B29: 直流母线总成 | D29: HVPC2P1600FV-15P010 | E29: 挡板_黑色 | F29: N | G29: A02104375 | K29: 2 | L29: PCS | M29: 安费诺 | N29: 客户指定
A30: 6608491524 | B30: 直流母线总成 | D30: HVPC2P1600FV-06-35P010 | E30: 插头外屏蔽环 | F30: N | G30: A03103387 | K30: 2 | L30: PCS | M30: 安费诺 | N30: 客户指定
A31: 6608491524 | B31: 直流母线总成 | D31: HVPC2P1800FS-11-25G-P010 | E31: 内屏蔽环 | F31: N | G31: A03103437 | K31: 2 | L31: PCS | M31: 安费诺 | N31: 客户指定
A32: 6608491524 | B32: 直流母线总成 | D32: HVPC2P1600FV-12-35P010 | E32: 密封圈-黑色 | F32: N | G32: A02105020 | K32: 2 | L32: PCS | M32: 安费诺 | N32: 客户指定
A33: 6608491524 | B33: 直流母线总成 | D33: HVPC2P1600FV-11-35P010 | E33: 线卡-黑色 | F33: N | G33: A02105018 | K33: 2 | L33: PCS | M33: 安费诺 | N33: 客户指定
A34: 6608491524 | B34: 直流母线总成 | D34: HVPC2P1600FV-10-35P010 | E34: 尾盖-橙色 | F34: N | G34: A02105019 | K34: 2 | L34: PCS | M34: 安费诺 | N34: 客户指定
A35: 6608491524 | B35: 直流母线总成 | C35: IPT2PFS035-S02P010（安费诺） 接电驱端 适配2*35mm²屏蔽铜包铝硅胶铝导线 | D35: N022525276C | E35: 焊接端子-70 | F35: N | G35: A03103440 | K35: 2 | L35: PCS | M35: 安费诺 | N35: 客户指定
A36: 6608491524 | B36: 直流母线总成 | D36: IPT2PFS035-GA-01P010 | E36: 主体组合件 | F36: N | G36: A02102660 | K36: 1 | L36: PCS | M36: 安费诺 | N36: 客户指定
A37: 6608491524 | B37: 直流母线总成 | D37: IPT2PFS-S01-35P010 | E37: 压接屏蔽内环-35 | F37: N | G37: A03101954 | K37: 2 | L37: PCS | M37: 安费诺 | N37: 客户指定
A38: 6608491524 | B38: 直流母线总成 | D38: IPT2PFS-S02-35P010 | E38: 压接屏蔽外环-35/50 | F38: N | G38: A03101953 | K38: 2 | L38: PCS | M38: 安费诺 | N38: 客户指定
A39: 6608491524 | B39: 直流母线总成 | D39: IPT2PFS-M04-35P010 | E39: 屏蔽固定件-16/25/35 | F39: N | G39: A02102662 | K39: 4 | L39: PCS | M39: 安费诺 | N39: 客户指定
A40: 6608491524 | B40: 直流母线总成 | D40: IPT2PFS-R02-35P010 | E40: 密封圈-35 | F40: N | G40: A02102663 | K40: 2 | L40: PCS | M40: 安费诺 | N40: 客户指定
A41: 6608491524 | B41: 直流母线总成 | D41: IPT2PFS-M05-35P010 | E41: 尾盖-35 | F41: N | G41: A02105144 | K41: 2 | L41: PCS | M41: 安费诺 | N41: 客户指定
A42: 6608491524 | B42: 直流母线总成 | D42: HS-125(3X) 18-30 | E42: 不带胶-热缩管 | F42: N | G42: A04102622 | K42: 2 | L42: PCS | M42: 长春海达 | N42: ★
A43: 6608491524 | B43: 直流母线总成 | D43: FHLALR2GCCAATB2G/35.0/橙 | E43: 35mm²屏蔽镀锡铜包铝硅胶铝导线 | F43: N | G43: A01103420 | K43: 1.41 | L43: M | M43: 太平洋 | N43: ★
A44: 6608491524 | B44: 直流母线总成 | D44: SCS2165A016 | E44: 16OR橙色编织套管 | F44: N | G44: A04101476 | K44: 0.97 | L44: M | M44: 骏鼎达 | N44: ★
A45: 6608491524 | B45: 直流母线总成 | D45: LY5016019-OR2 | E45: 橙色布基胶带 | F45: N | G45: A04101159 | K45: 4.6 | L45: M | M45: 联益 | N45: ★
A46: 6608491524 | B46: 直流母线总成 | D46: E281-HB-03 | E46: 塑料支架（带2个衬套） | F46: N | G46: A06102157 | K46: 1 | L46: PCS | M46: 上海程达 | N46: ★
A47: 6608491524 | B47: 直流母线总成 | D47: E281-ZJ-06 | E47: 金属支架 | F47: N | G47: A06102146 | K47: 1 | L47: PCS | M47: 华凯 | N47: ★
... A50: 6608491524 | B50: 直流母线总成 | D50: 111-00563 | E50: 扎带绳 | F50: N | G50: A06010012 | K50: 6 | L50: PCS | M50: 海尔曼太通 | N50: ★
A51: 6608491524 | B51: 直流母线总成 | D51: X1-BQ-01 标签140x30mm | E51: 产品标签 | F51: N | G51: 70002326 | K51: 1 | L51: PCS | M51: 洪众
A52: 6608442962 | B52: 直流母线总成 | C52: HVPC2P1600FT535-NH-P010 接电池端 适配2*35mm²屏蔽铜包铝硅胶铝导线 | D52: HVPC2P1600FT5-NH-MP010 | E52: 护套（145度反装 A键位） | F52: N | G52: A02105032 | K52: 1 | L52: PCS | M52: 安费诺 | N52: 客户指定
A53: 6608442962 | B53: 直流母线总成 | D53: HVPC2P1600FT-09P010 | E53: 插头端子-单粒焊接 | F53: N | G53: A03103389 | K53: 2 | L53: PCS | M53: 安费诺 | N53: 客户指定
A54: 6608442962 | B54: 直流母线总成 | D54: HVPC2P1600FV-15P010 | E54: 挡板_黑色 | F54: N | G54: A02104375 | K54: 2 | L54: PCS | M54: 安费诺 | N54: 客户指定
A55: 6608442962 | B55: 直流母线总成 | D55: HVPC2P1600FV-06-35P010 | E55: 插头外屏蔽环 | F55: N | G55: A03103387 | K55: 2 | L55: PCS | M55: 安费诺 | N55: 客户指定
A56: 6608442962 | B56: 直流母线总成 | D56: HVC2P80FS1-47P010 | E56: 插头屏蔽内环 | F56: N | G56: A03103388 | K56: 2 | L56: PCS | M56: 安费诺 | N56: 客户指定
A57: 6608442962 | B57: 直流母线总成 | D57: HVPC2P1600FV-12-35P010 | E57: 插头线束密封圈 | F57: N | G57: A02105020 | K57: 2 | L57: PCS | M57: 安费诺 | N57: 客户指定
A58: 6608442962 | B58: 直流母线总成 | D58: HVPC2P1600FV-11-35P010 | E58: 插头线卡 | F58: N | G58: A02105018 | K58: 2 | L58: PCS | M58: 安费诺 | N58: 客户指定
A59: 6608442962 | B59: 直流母线总成 | D59: HVPC2P1600FV-10-35P010 | E59: 插头尾盖 | F59: N | G59: A02105019 | K59: 2 | L59: PCS | M59: 安费诺 | N59: 客户指定
A60: 6608442962 | B60: 直流母线总成 | C60: IPT2PFS035-S02P010（安费诺） 接电驱端 适配2*35mm²屏蔽铜包铝硅胶铝导线 | D60: N022525276C | E60: 焊接端子-70 | F60: N | G60: A03103440 | K60: 2 | L60: PCS | M60: 安费诺 | N60: 客户指定
A61: 6608442962 | B61: 直流母线总成 | D61: IPT2PFS035-GA-01P010 | E61: 主体组合件 | F61: N | G61: A02102660 | K61: 1 | L61: PCS | M61: 安费诺 | N61: 客户指定
A62: 6608442962 | B62: 直流母线总成 | D62: IPT2PFS-S01-35P010 | E62: 压接屏蔽内环-35 | F62: N | G62: A03101954 | K62: 2 | L62: PCS | M62: 安费诺 | N62: 客户指定
A63: 6608442962 | B63: 直流母线总成 | D63: IPT2PFS-S02-35P010 | E63: 压接屏蔽外环-35/50 | F63: N | G63: A03101953 | K63: 2 | L63: PCS | M63: 安费诺 | N63: 客户指定
A64: 6608442962 | B64: 直流母线总成 | D64: IPT2PFS-M04-35P010 | E64: 屏蔽固定件-16/25/35 | F64: N | G64: A02102662 | K64: 4 | L64: PCS | M64: 安费诺 | N64: 客户指定
A65: 6608442962 | B65: 直流母线总成 | D65: IPT2PFS-R02-35P010 | E65: 密封圈-35 | F65: N | G65: A02102663 | K65: 2 | L65: PCS | M65: 安费诺 | N65: 客户指定
A66: 6608442962 | B66: 直流母线总成 | D66: IPT2PFS-M05-35P010 | E66: 尾盖-35 | F66: N | G66: A02105144 | K66: 2 | L66: PCS | M66: 安费诺 | N66: 客户指定
A67: 6608442962 | B67: 直流母线总成 | D67: HS-125(3X) 18-30 | E67: 不带胶-热缩管 | F67: N | G67: A04102622 | K67: 2 | L67: PCS | M67: 长春海达 | N67: ★
A68: 6608442962 | B68: 直流母线总成 | D68: FHLALR2GCCAATB2G/35.0/橙 | E68: 35mm²屏蔽镀锡铜包铝硅胶铝导线 | F68: N | G68: A01103420 | K68: 1.98 | L68: M | M68: 太平洋 | N68: ★
A69: 6608442962 | B69: 直流母线总成 | D69: SCS2165A016 | E69: 16OR橙色编织套管 | F69: N | G69: A04101476 | K69: 1.54 | L69: M | M69: 骏鼎达 | N69: ★
A70: 6608442962 | B70: 直流母线总成 | D70: LY5016019-OR2 | E70: 橙色布基胶带 | F70: N | G70: A04101159 | K70: 4.6 | L70: M | M70: 联益 | N70: ★
A71: 6608442962 | B71: 直流母线总成 | D71: E281-HB-04 | E71: 塑料支架（带2个衬套） | F71: N | G71: A06102155 | K71: 1 | L71: PCS | M71: 上海程达 | N71: ★
A72: 6608442962 | B72: 直流母线总成 | D72: E281-ZJ-06 | E72: 金属支架 | F72: N | G72: A06102146 | K72: 1 | L72: PCS | M72: 华凯 | N72: ★
A73: 6608442962 | B73: 直流母线总成 | D73: E281-ZJ-07 | E73: 金属支架 | F73: N | G73: A06102145 | K73: 1 | L73: PCS | M73: 华凯 | N73: ★
A74: 6608442962 | B74: 直流母线总成 | C74: 原沿用MS11-XJ-05 2PCS改为E281-XJ-06 | D74: E281-XJ-06 | E74: 橡胶件 | F74: N | G74: A04102659 | K74: 4 | L74: PCS | M74: 博昊 | N74: ★
A75: 6608442962 | B75: 直流母线总成 | D75: E281-XJ-09 | E75: 橡胶件 | F75: N | G75: A04102661 | K75: 4 | L75: PCS | M75: 博昊 | N75: ★
A76: 6608442962 | B76: 直流母线总成 | D76: 111-00563 | E76: 扎带绳 | F76: N | G76: A06010012 | K76: 8 | L76: PCS | M76: 海尔曼太通 | N76: ★
A77: 6608442962 | B77: 直流母线总成 | D77: X1-BQ-01 标签140x30mm | E77: 产品标签 | F77: N | G77: 70002326 | K77: 1 | L77: PCS | M77: 洪众
A78: 6608544875 | B78: 前驱直流母线 | C78: HVPC2P1600FT525-NH-P010 接电池端 适配2*25mm²屏蔽铜包铝硅胶铜导线 | D78: HVPC2P1600FT5-NH-MP010 | E78: 护套（145度反装 A键位） | F78: N | G78: A02105032 | K78: 1 | L78: PCS | M78: 安费诺 | N78: 客户指定
A79: 6608544875 | B79: 前驱直流母线 | D79: HVPC2P1600FT-09P010 | E79: 插头端子-单粒焊接 | F79: N | G79: A03103389 | K79: 2 | L79: PCS | M79: 安费诺 | N79: 客户指定
A80: 6608544875 | B80: 前驱直流母线 | D80: HVPC2P1600FV-15P010 | E80: 挡板_黑色 | F80: N | G80: A02104375 | K80: 2 | L80: PCS | M80: 安费诺 | N80: 客户指定
A81: 6608544875 | B81: 前驱直流母线 | D81: HVPC2P1600FV-06-25P010 | E81: 插头外屏蔽环 | F81: N | G81: A03103410 | K81: 2 | L81: PCS | M81: 安费诺 | N81: 客户指定
A82: 6608544875 | B82: 前驱直流母线 | D82: HVPC2P1800FS-11-25P010 | E82: 插头屏蔽内环 | F82: N | G82: A03103409 | K82: 2 | L82: PCS | M82: 安费诺 | N82: 客户指定
A83: 6608544875 | B83: 前驱直流母线 | D83: HVPC2P1600FV-12-25P010 | E83: 插头线束密封圈 | F83: N | G83: A02105062 | K83: 2 | L83: PCS | M83: 安费诺 | N83: 客户指定
A84: 6608544875 | B84: 前驱直流母线 | D84: HVPC2P1600FV-11-25P010 | E84: 插头线卡 | F84: N | G84: A02105060 | K84: 2 | L84: PCS | M84: 安费诺 | N84: 客户指定
A85: 6608544875 | B85: 前驱直流母线 | D85: HVPC2P1600FV-10-25P010 | E85: 插头尾盖 | F85: N | G85: A02105061 | K85: 2 | L85: PCS | M85: 安费诺 | N85: 客户指定
A86: 6608544875 | B86: 前驱直流母线 | C86: IPT 压接端子 | D86: 1-2177380-1 | E86: IPT 压接端子 | F86: N | G86: A03000392 | K86: 2 | L86: PCS | M86: 泰科 | N86: ★
A87: 6608544875 | B87: 前驱直流母线 | C87: IPT2P25P001-P010（安费诺 不含端子） 接电驱端 适配2*25mm²屏蔽铜包铝硅胶铜导线 | D87: IPT3P-01-06 | E87: 特殊屏蔽件 | F87: N | G87: A02030991 | K87: 2 | L87: PCS | M87: 安费诺 | N87: 客户指定
A88: 6608544875 | B88: 前驱直流母线 | D88: IPT3P-01-19 | E88: 25mm2 屏蔽外环 | F88: N | G88: A03103408 | K88: 2 | L88: PCS | M88: 安费诺 | N88: 客户指定
A89: 6608544875 | B89: 前驱直流母线 | D89: IPT3P-01-20 | E89: 25mm2 屏蔽内环 | F89: N | G89: A03103407 | K89: 2 | L89: PCS | M89: 安费诺 | N89: 客户指定
A90: 6608544875 | B90: 前驱直流母线 | D90: IPT3P-01-21 | E90: 护套密封圈 | F90: N | G90: A02030990 | K90: 2 | L90: PCS | M90: 安费诺 | N90: 客户指定
A91: 6608544875 | B91: 前驱直流母线 | D91: IPT2PP-01-01 | E91: 护套主体 | F91: N | G91: A02031898 | K91: 1 | L91: PCS | M91: 安费诺 | N91: 客户指定
A92: 6608544875 | B92: 前驱直流母线 | D92: IPT3P-01-18 | E92: 25mm2 线密封圈 | F92: N | G92: A02105058 | K92: 2 | L92: PCS | M92: 安费诺 | N92: 客户指定
A93: 6608544875 | B93: 前驱直流母线 | D93: IPT3P-01-16 | E93: 25mm2 尾盖 | F93: N | G93: A02105059 | K93: 2 | L93: PCS | M93: 安费诺 | N93: 客户指定
A94: 6608544875 | B94: 前驱直流母线 | D94: HS-125(3X) 18-30 | E94: 不带胶-热缩管 | F94: N | G94: A04102622 | K94: 2 | L94: PCS | M94: 长春海达 | N94: ★
A95: 6608544875 | B95: 前驱直流母线 | D95: FHLR2GCCAATB2G/25.0/橙 | E95: 25mm²屏蔽镀锡铜包铝硅胶铜导线 | F95: N | G95: A01103233 | K95: 2.43 | L95: M | M95: 鑫宏业 | N95: ★
A96: 6608544875 | B96: 前驱直流母线 | D96: SCS2165A013 | E96: 13OR橙色编织套管 | F96: N | G96: A04101537 | K96: 2.01 | L96: M | M96: 骏鼎达 | N96: ★
A97: 6608544875 | B97: 前驱直流母线 | D97: LY5016019-OR2 | E97: 橙色布基胶带 | F97: N | G97: A04101159 | K97: 4 | L97: M | M97: 联益 | N97: ★
A98: 6608544875 | B98: 前驱直流母线 | D98: E281-HB-05 | E98: 塑料支架（带2个衬套） | F98: N | G98: A06102154 | K98: 1 | L98: PCS | M98: 上海程达 | N98: ★
A99: 6608544875 | B99: 前驱直流母线 | D99: E281-ZJ-08 | E99: 金属支架 | F99: N | G99: A06102148 | K99: 1 | L99: PCS | M99: 贵龙 | N99: ★
... A105: 6608544875 | B105: 前驱直流母线 | D105: 108-00150 | E105: 扎带绳 | F105: N | G105: A06100602 | K105: 3 | L105: PCS | M105: 海尔曼太通 | N105: ★
A106: 6608544875 | B106: 前驱直流母线 | D106: X1-BQ-01 标签140x30mm | E106: 产品标签 | F106: N | G106: 70002326 | K106: 1 | L106: PCS | M106: 洪众
A107: 6608442964 | B107: 电动压缩机线束总成 | C107: 2521188-1 （泰科，取消互锁，工具解锁） 接ACCM端 适配4mm²屏蔽铜包铝交联铝导线 | D107: 2509744-1 | E107: 护套 | F107: N | G107: A02105029 | K107: 1 | L107: PCS | M107: TE | N107: 客户指定
A108: 6608442964 | B108: 电动压缩机线束总成 | D108: 2508246-1 | E108: 链式-焊接端子 | F108: N | G108: A03102426 | K108: 2 | L108: PCS | M108: TE | N108: 客户指定
A109: 6608442964 | B109: 电动压缩机线束总成 | D109: 2474445-5 | E109: 外屏蔽环 | F109: N | G109: A02104232 | K109: 2 | L109: PCS | M109: TE | N109: 客户指定
...

Sheet 6608491523
A1: Version 版本 | B1: Draw No. 图纸号 | C1: entry name 项目名称 | D1: Harness number 零件号 | E1: Harness Name 零件名称 | F1: Draw Version 图纸版本 | G1: Creat Date 报价日期 | H1: Recent AEM 最新AEM | I1: Total Wire 总回路数 | J1: Total Wire length 总导线长度 | K1: Total Connector 总护套数 | L1: Total Terminal 总端子数
A2: V01 | C2: E281 | D2: 6608491523 | E2: 直流母线总成
A4: NO. | B4: Function 功能 | C4: Part Number 零件号 | D4: Part Name 零件名称 | E4: Semi-Finished 是否半成品 | F4: Wire NO. 回路号 | G4: PIN | H4: OPTION | I4: SPEC 规格 | J4: Quantity 数量 | K4: Unit 单位 | L4: Remark | M4: Other-Remark 其他备注 | N4: Sub-Part Number 半成品号 | O4: Sub-Part Name 半成品名称 | P4: Sub-Part Quantity 半成品数量 | Q4: Sub-Part Unit 单位
A5: 1 | B5: HVPC2P1600FT535-NH-P010 接电池端 适配2*35mm²屏蔽铜包铝硅胶铝导线 | C5: HVPC2P1600FT5-NH-MP010 | D5: 护套（145度反装 A键位） | E5: N | F5: A02105032 | J5: 1 | K5: PCS | L5: 安费诺 | M5: 客户指定
A6: 2 | C6: HVPC2P1600FT-09P010 | D6: 插头端子-单粒焊接 | E6: N | F6: A03103389 | J6: 2 | K6: PCS | L6: 安费诺 | M6: 客户指定
A7: 3 | C7: HVPC2P1600FV-15P010 | D7: 挡板_黑色 | E7: N | F7: A02104375 | J7: 2 | K7: PCS | L7: 安费诺 | M7: 客户指定
A8: 4 | C8: HVPC2P1600FV-06-35P010 | D8: 插头外屏蔽环 | E8: N | F8: A03103387 | J8: 2 | K8: PCS | L8: 安费诺 | M8: 客户指定
A9: 5 | C9: HVC2P80FS1-47P010 | D9: 插头屏蔽内环 | E9: N | F9: A03103388 | J9: 2 | K9: PCS | L9: 安费诺 | M9: 客户指定
A10: 6 | C10: HVPC2P1600FV-12-35P010 | D10: 插头线束密封圈 | E10: N | F10: A02105020 | J10: 2 | K10: PCS | L10: 安费诺 | M10: 客户指定
A11: 7 | C11: HVPC2P1600FV-11-35P010 | D11: 插头线卡 | E11: N | F11: A02105018 | J11: 2 | K11: PCS | L11: 安费诺 | M11: 客户指定
A12: 8 | C12: HVPC2P1600FV-10-35P010 | D12: 插头尾盖 | E12: N | F12: A02105019 | J12: 2 | K12: PCS | L12: 安费诺 | M12: 客户指定
A13: 9 | B13: IPT2PFS035-S02P010（安费诺） 接电驱端 适配2*35mm²屏蔽铜包铝硅胶铝导线 | C13: N022525276C | D13: 焊接端子-70 | E13: N | F13: A03103440 | J13: 2 | K13: PCS | L13: 安费诺 | M13: 客户指定
A14: 10 | C14: IPT2PFS035-GA-01P010 | D14: 主体组合件 | E14: N | F14: A02102660 | J14: 1 | K14: PCS | L14: 安费诺 | M14: 客户指定
A15: 11 | C15: IPT2PFS-S01-35P010 | D15: 压接屏蔽内环-35 | E15: N | F15: A03101954 | J15: 2 | K15: PCS | L15: 安费诺 | M15: 客户指定
A16: 12 | C16: IPT2PFS-S02-35P010 | D16: 压接屏蔽外环-35/50 | E16: N | F16: A03101953 | J16: 2 | K16: PCS | L16: 安费诺 | M16: 客户指定
A17: 13 | C17: IPT2PFS-M04-35P010 | D17: 屏蔽固定件-16/25/35 | E17: N | F17: A02102662 | J17: 4 | K17: PCS | L17: 安费诺 | M17: 客户指定
A18: 14 | C18: IPT2PFS-R02-35P010 | D18: 密封圈-35 | E18: N | F18: A02102663 | J18: 2 | K18: PCS | L18: 安费诺 | M18: 客户指定
A19: 15 | C19: IPT2PFS-M05-35P010 | D19: 尾盖-35 | E19: N | F19: A02105144 | J19: 2 | K19: PCS | L19: 安费诺 | M19: 客户指定
A20: 16 | C20: HS-125(3X) 18-30 | D20: 不带胶-热缩管 | E20: N | F20: A04102622 | J20: 2 | K20: PCS | L20: 长春海达 | M20: ★
A21: 17 | C21: FHLALR2GCCAATB2G/35.0/橙 | D21: 35mm²屏蔽镀锡铜包铝硅胶铝导线 | E21: N | F21: A01103420 | H21: =1506/1000 -> 1.506 | J21: 1.59 | K21: M | L21: 太平洋 | M21: ★
A22: 18 | C22: SCS2165A016 | D22: 16OR橙色编织套管 | E22: N | F22: A04101476 | J22: 1.15 | K22: M | L22: 骏鼎达 | M22: ★
A23: 19 | C23: LY5016019-OR2 | D23: 橙色布基胶带 | E23: N | F23: A04101159 | J23: 4.6 | K23: M | L23: 联益 | M23: ★
A24: 20 | C24: E281-HB-04 | D24: 塑料支架（带2个衬套） | E24: N | F24: A06102155 | J24: 1 | K24: PCS | L24: 上海程达 | M24: ★
A25: 21 | C25: E281-ZJ-06 | D25: 金属支架 | E25: N | F25: A06102146 | J25: 1 | K25: PCS | L25: 华凯 | M25: ★
A26: 22 | C26: E281-XJ-06 | D26: 橡胶件 | E26: N | F26: A04102659 | J26: 2 | K26: PCS | L26: 博昊 | M26: ★
A27: 23 | C27: E281-XJ-09 | D27: 橡胶件 | E27: N | F27: A04102661 | J27: 4 | K27: PCS | L27: 博昊 | M27: ★
A28: 24 | C28: 111-00563 | D28: 扎带绳 | E28: N | F28: A06010012 | J28: 6 | K28: PCS | L28: 海尔曼太通 | M28: ★
A29: 25 | C29: X1-BQ-01 标签140x30mm | D29: 产品标签 | E29: N | F29: 70002326 | J29: 1 | K29: PCS | L29: 洪众
D165: 3

Sheet 6608491524
A1: Version 版本 | B1: Draw No. 图纸号 | C1: entry name 项目名称 | D1: Harness number 零件号 | E1: Harness Name 零件名称 | F1: Draw Version 图纸版本 | G1: Creat Date 报价日期 | H1: Recent AEM 最新AEM | I1: Total Wire 总回路数 | J1: Total Wire length 总导线长度 | K1: Total Connector 总护套数 | L1: Total Terminal 总端子数
A2: V01 | C2: E281 | D2: 6608491524 | E2: 直流母线总成
A4: NO. | B4: Function 功能 | C4: Part Number 零件号 | D4: Part Name 零件名称 | E4: Semi-Finished 是否半成品 | F4: Wire NO. 回路号 | G4: PIN | H4: OPTION | I4: SPEC 规格 | J4: Quantity 数量 | K4: Unit 单位 | L4: Remark | M4: Other-Remark 其他备注 | N4: Sub-Part Number 半成品号 | O4: Sub-Part Name 半成品名称 | P4: Sub-Part Quantity 半成品数量 | Q4: Sub-Part Unit 单位
A5: 1 | B5: HVPC2P1600FV535-NH-P010 接电池端 适配2*35mm²屏蔽铜包铝硅胶铝导线 | C5: HVPC2P1600FV5-NH-M-P010 | D5: 护套-90度-反装-CODE A | E5: N | F5: A02105143 | J5: 1 | K5: PCS | L5: 安费诺 | M5: 客户指定
A6: 2 | C6: HVPC2P1600FV-09-P010 | D6: 焊接端子-镀银 | E6: N | F6: A03103438 | J6: 2 | K6: PCS | L6: 安费诺 | M6: 客户指定
A7: 3 | C7: HVPC2P1600FV-15P010 | D7: 挡板_黑色 | E7: N | F7: A02104375 | J7: 2 | K7: PCS | L7: 安费诺 | M7: 客户指定
A8: 4 | C8: HVPC2P1600FV-06-35P010 | D8: 插头外屏蔽环 | E8: N | F8: A03103387 | J8: 2 | K8: PCS | L8: 安费诺 | M8: 客户指定
A9: 5 | C9: HVPC2P1800FS-11-25G-P010 | D9: 内屏蔽环 | E9: N | F9: A03103437 | J9: 2 | K9: PCS | L9: 安费诺 | M9: 客户指定
A10: 6 | C10: HVPC2P1600FV-12-35P010 | D10: 密封圈-黑色 | E10: N | F10: A02105020 | J10: 2 | K10: PCS | L10: 安费诺 | M10: 客户指定
A11: 7 | C11: HVPC2P1600FV-11-35P010 | D11: 线卡-黑色 | E11: N | F11: A02105018 | J11: 2 | K11: PCS | L11: 安费诺 | M11: 客户指定
A12: 8 | C12: HVPC2P1600FV-10-35P010 | D12: 尾盖-橙色 | E12: N | F12: A02105019 | J12: 2 | K12: PCS | L12: 安费诺 | M12: 客户指定
A13: 9 | B13: IPT2PFS035-S02P010（安费诺） 接电驱端 适配2*35mm²屏蔽铜包铝硅胶铝导线 | C13: N022525276C | D13: 焊接端子-70 | E13: N | F13: A03103440 | J13: 2 | K13: PCS | L13: 安费诺 | M13: 客户指定
A14: 10 | C14: IPT2PFS035-GA-01P010 | D14: 主体组合件 | E14: N | F14: A02102660 | J14: 1 | K14: PCS | L14: 安费诺 | M14: 客户指定
A15: 11 | C15: IPT2PFS-S01-35P010 | D15: 压接屏蔽内环-35 | E15: N | F15: A03101954 | J15: 2 | K15: PCS | L15: 安费诺 | M15: 客户指定
A16: 12 | C16: IPT2PFS-S02-35P010 | D16: 压接屏蔽外环-35/50 | E16: N | F16: A03101953 | J16: 2 | K16: PCS | L16: 安费诺 | M16: 客户指定
A17: 13 | C17: IPT2PFS-M04-35P010 | D17: 屏蔽固定件-16/25/35 | E17: N | F17: A02102662 | J17: 4 | K17: PCS | L17: 安费诺 | M17: 客户指定
A18: 14 | C18: IPT2PFS-R02-35P010 | D18: 密封圈-35 | E18: N | F18: A02102663 | J18: 2 | K18: PCS | L18: 安费诺 | M18: 客户指定
A19: 15 | C19: IPT2PFS-M05-35P010 | D19: 尾盖-35 | E19: N | F19: A02105144 | J19: 2 | K19: PCS | L19: 安费诺 | M19: 客户指定
A20: 16 | C20: HS-125(3X) 18-30 | D20: 不带胶-热缩管 | E20: N | F20: A04102622 | J20: 2 | K20: PCS | L20: 长春海达 | M20: ★
A21: 17 | C21: FHLALR2GCCAATB2G/35.0/橙 | D21: 35mm²屏蔽镀锡铜包铝硅胶铝导线 | E21: N | F21: A01103420 | H21: =1317/1000 -> 1.317 | J21: 1.41 | K21: M | L21: 太平洋 | M21: ★
A22: 18 | C22: SCS2165A016 | D22: 16OR橙色编织套管 | E22: N | F22: A04101476 | J22: 0.97 | K22: M | L22: 骏鼎达 | M22: ★
A23: 19 | C23: LY5016019-OR2 | D23: 橙色布基胶带 | E23: N | F23: A04101159 | J23: 4.6 | K23: M | L23: 联益 | M23: ★
A24: 20 | C24: E281-HB-03 | D24: 塑料支架（带2个衬套） | E24: N | F24: A06102157 | J24: 1 | K24: PCS | L24: 上海程达 | M24: ★
A25: 21 | C25: E281-ZJ-06 | D25: 金属支架 | E25: N | F25: A06102146 | J25: 1 | K25: PCS | L25: 华凯 | M25: ★
A26: 22 | C26: E281-XJ-06 | D26: 橡胶件 | E26: N | F26: A04102659 | J26: 2 | K26: PCS | L26: 博昊 | M26: ★
A27: 23 | C27: E281-XJ-09 | D27: 橡胶件 | E27: N | F27: A04102661 | J27: 4 | K27: PCS | L27: 博昊 | M27: ★
A28: 24 | C28: 111-00563 | D28: 扎带绳 | E28: N | F28: A06010012 | J28: 6 | K28: PCS | L28: 海尔曼太通 | M28: ★
A29: 25 | C29: X1-BQ-01 标签140x30mm | D29: 产品标签 | E29: N | F29: 70002326 | J29: 1 | K29: PCS | L29: 洪众
G66: 黄色报价数据
G67: 橙色正式数据
D165: 3

Sheet 6608442962
A1: Version 版本 | B1: Draw No. 图纸号 | C1: entry name 项目名称 | D1: Harness number 零件号 | E1: Harness Name 零件名称 | F1: Draw Version 图纸版本 | G1: Creat Date 报价日期 | H1: Recent AEM 最新AEM | I1: Total Wire 总回路数 | J1: Total Wire length 总导线长度 | K1: Total Connector 总护套数 | L1: Total Terminal 总端子数
A2: V01 | C2: E281 | D2: 6608442962 | E2: 直流母线总成
A4: NO. | B4: Function 功能 | C4: Part Number 零件号 | D4: Part Name 零件名称 | E4: Semi-Finished 是否半成品 | F4: Wire NO. 回路号 | G4: PIN | H4: OPTION | I4: SPEC 规格 | J4: Quantity 数量 | K4: Unit 单位 | L4: Remark | M4: Other-Remark 其他备注 | N4: Sub-Part Number 半成品号 | O4: Sub-Part Name 半成品名称 | P4: Sub-Part Quantity 半成品数量 | Q4: Sub-Part Unit 单位
A5: 1 | B5: HVPC2P1600FT535-NH-P010 接电池端 适配2*35mm²屏蔽铜包铝硅胶铝导线 | C5: HVPC2P1600FT5-NH-MP010 | D5: 护套（145度反装 A键位） | E5: N | F5: A02105032 | J5: 1 | K5: PCS | L5: 安费诺 | M5: 客户指定
A6: 2 | C6: HVPC2P1600FT-09P010 | D6: 插头端子-单粒焊接 | E6: N | F6: A03103389 | J6: 2 | K6: PCS | L6: 安费诺 | M6: 客户指定
A7: 3 | C7: HVPC2P1600FV-15P010 | D7: 挡板_黑色 | E7: N | F7: A02104375 | J7: 2 | K7: PCS | L7: 安费诺 | M7: 客户指定
A8: 4 | C8: HVPC2P1600FV-06-35P010 | D8: 插头外屏蔽环 | E8: N | F8: A03103387 | J8: 2 | K8: PCS | L8: 安费诺 | M8: 客户指定
A9: 5 | C9: HVC2P80FS1-47P010 | D9: 插头屏蔽内环 | E9: N | F9: A03103388 | J9: 2 | K9: PCS | L9: 安费诺 | M9: 客户指定
A10: 6 | C10: HVPC2P1600FV-12-35P010 | D10: 插头线束密封圈 | E10: N | F10: A02105020 | J10: 2 | K10: PCS | L10: 安费诺 | M10: 客户指定
A11: 7 | C11: HVPC2P1600FV-11-35P010 | D11: 插头线卡 | E11: N | F11: A02105018 | J11: 2 | K11: PCS | L11: 安费诺 | M11: 客户指定
A12: 8 | C12: HVPC2P1600FV-10-35P010 | D12: 插头尾盖 | E12: N | F12: A02105019 | J12: 2 | K12: PCS | L12: 安费诺 | M12: 客户指定
A13: 9 | B13: IPT2PFS035-S02P010（安费诺） 接电驱端 适配2*35mm²屏蔽铜包铝硅胶铝导线 | C13: N022525276C | D13: 焊接端子-70 | E13: N | F13: A03103440 | J13: 2 | K13: PCS | L13: 安费诺 | M13: 客户指定
A14: 10 | C14: IPT2PFS035-GA-01P010 | D14: 主体组合件 | E14: N | F14: A02102660 | J14: 1 | K14: PCS | L14: 安费诺 | M14: 客户指定
A15: 11 | C15: IPT2PFS-S01-35P010 | D15: 压接屏蔽内环-35 | E15: N | F15: A03101954 | J15: 2 | K15: PCS | L15: 安费诺 | M15: 客户指定
A16: 12 | C16: IPT2PFS-S02-35P010 | D16: 压接屏蔽外环-35/50 | E16: N | F16: A03101953 | J16: 2 | K16: PCS | L16: 安费诺 | M16: 客户指定
A17: 13 | C17: IPT2PFS-M04-35P010 | D17: 屏蔽固定件-16/25/35 | E17: N | F17: A02102662 | J17: 4 | K17: PCS | L17: 安费诺 | M17: 客户指定
A18: 14 | C18: IPT2PFS-R02-35P010 | D18: 密封圈-35 | E18: N | F18: A02102663 | J18: 2 | K18: PCS | L18: 安费诺 | M18: 客户指定
A19: 15 | C19: IPT2PFS-M05-35P010 | D19: 尾盖-35 | E19: N | F19: A02105144 | J19: 2 | K19: PCS | L19: 安费诺 | M19: 客户指定
A20: 16 | C20: HS-125(3X) 18-30 | D20: 不带胶-热缩管 | E20: N | F20: A04102622 | J20: 2 | K20: PCS | L20: 长春海达 | M20: ★
A21: 17 | C21: FHLALR2GCCAATB2G/35.0/橙 | D21: 35mm²屏蔽镀锡铜包铝硅胶铝导线 | E21: N | F21: A01103420 | H21: =1886/1000 -> 1.886 | J21: 1.98 | K21: M | L21: 太平洋 | M21: ★
A22: 18 | C22: SCS2165A016 | D22: 16OR橙色编织套管 | E22: N | F22: A04101476 | J22: 1.54 | K22: M | L22: 骏鼎达 | M22: ★
A23: 19 | C23: LY5016019-OR2 | D23: 橙色布基胶带 | E23: N | F23: A04101159 | J23: 4.6 | K23: M | L23: 联益 | M23: ★
A24: 20 | C24: E281-HB-04 | D24: 塑料支架（带2个衬套） | E24: N | F24: A06102155 | J24: 1 | K24: PCS | L24: 上海程达 | M24: ★
A25: 21 | C25: E281-ZJ-06 | D25: 金属支架 | E25: N | F25: A06102146 | J25: 1 | K25: PCS | L25: 华凯 | M25: ★
A26: 22 | C26: E281-ZJ-07 | D26: 金属支架 | E26: N | F26: A06102145 | J26: 1 | K26: PCS | L26: 华凯 | M26: ★
A27: 23 | B27: 原沿用MS11-XJ-05 2PCS改为E281-XJ-06 | C27: E281-XJ-06 | D27: 橡胶件 | E27: N | F27: A04102659 | J27: 4 | K27: PCS | L27: 博昊 | M27: ★
A28: 24 | C28: E281-XJ-09 | D28: 橡胶件 | E28: N | F28: A04102661 | J28: 4 | K28: PCS | L28: 博昊 | M28: ★
A29: 25 | C29: 111-00563 | D29: 扎带绳 | E29: N | F29: A06010012 | J29: 8 | K29: PCS | L29: 海尔曼太通 | M29: ★
A30: 26 | C30: X1-BQ-01 标签140x30mm | D30: 产品标签 | E30: N | F30: 70002326 | J30: 1 | K30: PCS | L30: 洪众
D166: 3

Sheet 6608544875
A1: Version 版本 | B1: Draw No. 图纸号 | C1: entry name 项目名称 | D1: Harness number 零件号 | E1: Harness Name 零件名称 | F1: Draw Version 图纸版本 | G1: Creat Date 报价日期 | H1: Recent AEM 最新AEM | I1: Total Wire 总回路数 | J1: Total Wire length 总导线长度 | K1: Total Connector 总护套数 | L1: Total Terminal 总端子数
A2: V01 | C2: E281 | D2: 6608544875 | E2: 前驱直流母线
A4: NO. | B4: Function 功能 | C4: Part Number 零件号 | D4: Part Name 零件名称 | E4: Semi-Finished 是否半成品 | F4: Wire NO. 回路号 | G4: PIN | H4: OPTION | I4: SPEC 规格 | J4: Quantity 数量 | K4: Unit 单位 | L4: Remark | M4: Other-Remark 其他备注 | N4: Sub-Part Number 半成品号 | O4: Sub-Part Name 半成品名称 | P4: Sub-Part Quantity 半成品数量 | Q4: Sub-Part Unit 单位
A5: 1 | B5: HVPC2P1600FT525-NH-P010 接电池端 适配2*25mm²屏蔽铜包铝硅胶铜导线 | C5: HVPC2P1600FT5-NH-MP010 | D5: 护套（145度反装 A键位） | E5: N | F5: A02105032 | J5: 1 | K5: PCS | L5: 安费诺 | M5: 客户指定
A6: 2 | C6: HVPC2P1600FT-09P010 | D6: 插头端子-单粒焊接 | E6: N | F6: A03103389 | J6: 2 | K6: PCS | L6: 安费诺 | M6: 客户指定
A7: 3 | C7: HVPC2P1600FV-15P010 | D7: 挡板_黑色 | E7: N | F7: A02104375 | J7: 2 | K7: PCS | L7: 安费诺 | M7: 客户指定
A8: 4 | C8: HVPC2P1600FV-06-25P010 | D8: 插头外屏蔽环 | E8: N | F8: A03103410 | J8: 2 | K8: PCS | L8: 安费诺 | M8: 客户指定
A9: 5 | C9: HVPC2P1800FS-11-25P010 | D9: 插头屏蔽内环 | E9: N | F9: A03103409 | J9: 2 | K9: PCS | L9: 安费诺 | M9: 客户指定
A10: 6 | C10: HVPC2P1600FV-12-25P010 | D10: 插头线束密封圈 | E10: N | F10: A02105062 | J10: 2 | K10: PCS | L10: 安费诺 | M10: 客户指定
A11: 7 | C11: HVPC2P1600FV-11-25P010 | D11: 插头线卡 | E11: N | F11: A02105060 | J11: 2 | K11: PCS | L11: 安费诺 | M11: 客户指定
A12: 8 | C12: HVPC2P1600FV-10-25P010 | D12: 插头尾盖 | E12: N | F12: A02105061 | J12: 2 | K12: PCS | L12: 安费诺 | M12: 客户指定
A13: 9 | B13: IPT 压接端子 | C13: 1-2177380-1 | D13: IPT 压接端子 | E13: N | F13: A03000392 | J13: 2 | K13: PCS | L13: 泰科 | M13: ★
A14: 10 | B14: IPT2P25P001-P010（安费诺 不含端子） 接电驱端 适配2*25mm²屏蔽铜包铝硅胶铜导线 | C14: IPT3P-01-06 | D14: 特殊屏蔽件 | E14: N | F14: A02030991 | J14: 2 | K14: PCS | L14: 安费诺 | M14: 客户指定
A15: 11 | C15: IPT3P-01-19 | D15: 25mm2 屏蔽外环 | E15: N | F15: A03103408 | J15: 2 | K15: PCS | L15: 安费诺 | M15: 客户指定
A16: 12 | C16: IPT3P-01-20 | D16: 25mm2 屏蔽内环 | E16: N | F16: A03103407 | J16: 2 | K16: PCS | L16: 安费诺 | M16: 客户指定
A17: 13 | C17: IPT3P-01-21 | D17: 护套密封圈 | E17: N | F17: A02030990 | J17: 2 | K17: PCS | L17: 安费诺 | M17: 客户指定
A18: 14 | C18: IPT2PP-01-01 | D18: 护套主体 | E18: N | F18: A02031898 | J18: 1 | K18: PCS | L18: 安费诺 | M18: 客户指定
A19: 15 | C19: IPT3P-01-18 | D19: 25mm2 线密封圈 | E19: N | F19: A02105058 | J19: 2 | K19: PCS | L19: 安费诺 | M19: 客户指定
A20: 16 | C20: IPT3P-01-16 | D20: 25mm2 尾盖 | E20: N | F20: A02105059 | J20: 2 | K20: PCS | L20: 安费诺 | M20: 客户指定
A21: 17 | C21: HS-125(3X) 18-30 | D21: 不带胶-热缩管 | E21: N | F21: A04102622 | J21: 2 | K21: PCS | L21: 长春海达 | M21: ★
A22: 18 | C22: FHLR2GCCAATB2G/25.0/橙 | D22: 25mm²屏蔽镀锡铜包铝硅胶铜导线 | E22: N | F22: A01103233 | H22: =2313/1000 -> 2.313 | J22: 2.43 | K22: M | L22: 鑫宏业 | M22: ★
A23: 19 | C23: SCS2165A013 | D23: 13OR橙色编织套管 | E23: N | F23: A04101537 | J23: 2.01 | K23: M | L23: 骏鼎达 | M23: ★
A24: 20 | C24: LY5016019-OR2 | D24: 橙色布基胶带 | E24: N | F24: A04101159 | J24: 4 | K24: M | L24: 联益 | M24: ★
A25: 21 | C25: E281-HB-05 | D25: 塑料支架（带2个衬套） | E25: N | F25: A06102154 | J25: 1 | K25: PCS | L25: 上海程达 | M25: ★
A26: 22 | C26: E281-ZJ-08 | D26: 金属支架 | E26: N | F26: A06102148 | J26: 1 | K26: PCS | L26: 贵龙 | M26: ★
A27: 23 | C27: E281-ZJ-09 | D27: 金属支架 | E27: N | F27: A06102144 | J27: 1 | K27: PCS | L27: 贵龙 | M27: ★
A28: 24 | C28: E281-ZJ-10 | D28: 金属支架 | E28: N | F28: A06102143 | J28: 1 | K28: PCS | L28: 华凯 | M28: ★
A29: 25 | C29: E281-XJ-07 | D29: 橡胶件 | E29: N | F29: A04102664 | J29: 1 | K29: PCS | L29: 博昊 | M29: ★
A30: 26 | C30: E281-XJ-08 | D30: 橡胶件 | E30: N | F30: A04102663 | J30: 2 | K30: PCS | L30: 博昊 | M30: ★
A31: 27 | C31: 111-00563 | D31: 扎带绳 | E31: N | F31: A06010012 | J31: 7 | K31: PCS | L31: 海尔曼太通 | M31: ★
A32: 28 | C32: 108-00150 | D32: 扎带绳 | E32: N | F32: A06100602 | J32: 3 | K32: PCS | L32: 海尔曼太通 | M32: ★
A33: 29 | C33: X1-BQ-01 标签140x30mm | D33: 产品标签 | E33: N | F33: 70002326 | J33: 1 | K33: PCS | L33: 洪众
D169: 3

Sheet 6608442964
A1: Version 版本 | B1: Draw No. 图纸号 | C1: entry name 项目名称 | D1: Harness number 零件号 | E1: Harness Name 零件名称 | F1: Draw Version 图纸版本 | G1: Creat Date 报价日期 | H1: Recent AEM 最新AEM | I1: Total Wire 总回路数 | J1: Total Wire length 总导线长度 | K1: Total Connector 总护套数 | L1: Total Terminal 总端子数
A2: V01 | C2: E281 | D2: 6608442964 | E2: 电动压缩机线束总成
A4: NO. | B4: Function 功能 | C4: Part Number 零件号 | D4: Part Name 零件名称 | E4: Semi-Finished 是否半成品 | F4: Wire NO. 回路号 | G4: PIN | H4: OPTION | I4: SPEC 规格 | J4: Quantity 数量 | K4: Unit 单位 | L4: Remark | M4: Other-Remark 其他备注 | N4: Sub-Part Number 半成品号 | O4: Sub-Part Name 半成品名称 | P4: Sub-Part Quantity 半成品数量 | Q4: Sub-Part Unit 单位
A5: 1 | B5: 2521188-1 （泰科，取消互锁，工具解锁） 接ACCM端 适配4mm²屏蔽铜包铝交联铝导线 | C5: 2509744-1 | D5: 护套 | E5: N | F5: A02105029 | J5: 1 | K5: PCS | L5: TE | M5: 客户指定
A6: 2 | C6: 2508246-1 | D6: 链式-焊接端子 | E6: N | F6: A03102426 | J6: 2 | K6: PCS | L6: TE | M6: 客户指定
A7: 3 | C7: 2474445-5 | D7: 外屏蔽环 | E7: N | F7: A02104232 | J7: 2 | K7: PCS | L7: TE | M7: 客户指定
A8: 4 | C8: 1-2350495-3 | D8: 内屏蔽环 | E8: N | F8: A03032325 | J8: 2 | K8: PCS | L8: TE | M8: 客户指定
A9: 5 | C9: 2519472-1 | D9: 挡板 | E9: N | F9: A02105028 | J9: 2 | K9: PCS | L9: TE | M9: 客户指定
A10: 6 | C10: 2474450-5 | D10: 密封圈 | E10: N | F10: A03103031 | J10: 2 | K10: PCS | L10: TE | M10: 客户指定
A11: 7 | C11: 2474448-5 | D11: 尾盖 | E11: N | F11: A02104233 | J11: 2 | K11: PCS | L11: TE | M11: 客户指定
A12: 8 | B12: YGC1612-EV-P2PWNA1-4 135度角度出线 （永贵带50A保险，取消互锁，工具解锁） 接电池端 适配4mm²屏蔽铜包铝交联铝导线 | C12: 113990002546 | D12: YGC1612-EV-P2PWNA1插头组件 | E12: N | F12: A02105150 | J12: 1 | K12: PCS | L12: 永贵 | M12: 客户指定
A13: 9 | C13: 113020602561 | D13: 5.8×0.8WABOO3-(T40-T60)SW孔端子组件-链式 | E13: N | F13: A03103441 | J13: 1 | K13: PCS | L13: 永贵 | M13: 客户指定
A14: 10 | C14: 113029800652 | D14: 5.8×0.8WAS002-(T40-T60)SW针端子组件-链式 | E14: N | F14: A03103442 | J14: 1 | K14: PCS | L14: 永贵 | M14: 客户指定
A15: 11 | C15: 114069807127 | D15: YG1612垫片 | E15: N | F15: A02105348 | J15: 1 | K15: PCS | L15: 永贵 | M15: 客户指定
A16: 12 | C16: 114022500495 | D16: YG1467屏蔽件-外-4 | E16: N | F16: A03103443 | J16: 2 | K16: PCS | L16: 永贵 | M16: 客户指定
A17: 13 | C17: 114022500492 | D17: YG1467屏蔽件-内-4 | E17: N | F17: A03103444 | J17: 2 | K17: PCS | L17: 永贵 | M17: 客户指定
A18: 14 | C18: 114050501799 | D18: YGEV2-1封线体-13.9 | E18: N | F18: A02101178 | J18: 1 | K18: PCS | L18: 永贵 | M18: 客户指定
A19: 15 | C19: 114050502508 | D19: YG1612-1封线体-Ф3.9 | E19: N | F19: A02105146 | J19: 1 | K19: PCS | L19: 永贵 | M19: 客户指定
A20: 16 | C20: 114069806819 | D20: Ф6.7尾盖(黑) | E20: N | F20: A02105148 | J20: 1 | K20: PCS | L20: 永贵 | M20: 客户指定
A21: 17 | C21: 114069807132 | D21: Ф6尾盖1(黑) | E21: N | F21: A02105147 | J21: 1 | K21: PCS | L21: 永贵 | M21: 客户指定
A22: 18 | C22: FHLALR91XCCAATB91X/4.0/橙/AL8 | D22: 4.0mm²屏蔽镀锡铜包铝交联铝导线 | E22: N | F22: A01103226 | H22: =1490/1000 -> 1.49 | J22: 1.59 | K22: M | L22: 鑫宏业 | M22: ★
A23: 19 | C23: LG3305D012B | D23: 12OR橙色波纹管 | E23: N | F23: A04101161 | J23: 0.55 | K23: M | L23: 骏鼎达 | M23: ★
A24: 20 | C24: LY5016019-OR2 | D24: 橙色布基胶带 | E24: N | F24: A04101159 | J24: 1.2 | K24: M | L24: 联益 | M24: ★
A25: 21 | C25: P111W0192510003 | D25: 橙色PVC胶带 | E25: N | F25: A04101791 | J25: 2 | K25: M | L25: 亚化 | M25: ★
A26: 22 | B26: 新增 | C26: E281-XJ-09 | D26: 橡胶件 | E26: N | F26: A04102661 | J26: 1 | K26: PCS | L26: 博昊 | M26: ★
A27: 23 | C27: PP9118501 | D27: 7*12竖向杉树卡 | E27: N | F27: A06004939 | J27: 1 | K27: PCS | L27: 上海众安 | M27: ★
A28: 24 | C28: 156-03490 | D28: T5抬高螺柱卡 | E28: N | F28: A06101040 | J28: 1 | K28: PCS | L28: 海尔曼太通 | M28: ★
A29: 25 | C29: PP9109401 | D29: M6杉树卡扣 | E29: N | F29: A06003888 | J29: 1 | K29: PCS | L29: 上海众安 | M29: ★
A30: 26 | C30: 111-00563 | D30: 扎带绳 | E30: N | F30: A06010012 | J30: 1 | K30: PCS | L30: 海尔曼太通 | M30: ★
A31: 27 | C31: X1-BQ-01 标签140x30mm | D31: 产品标签 | E31: N | F31: 70002326 | J31: 1 | K31: PCS | L31: 洪众
D167: 3

Sheet 6608442963
A1: Version 版本 | B1: Draw No. 图纸号 | C1: entry name 项目名称 | D1: Harness number 零件号 | E1: Harness Name 零件名称 | F1: Draw Version 图纸版本 | G1: Creat Date 报价日期 | H1: Recent AEM 最新AEM | I1: Total Wire 总回路数 | J1: Total Wire length 总导线长度 | K1: Total Connector 总护套数 | L1: Total Terminal 总端子数
A2: V01 | C2: E281 | D2: 6608442963 | E2: 电动压缩机线束总成
A4: NO. | B4: Function 功能 | C4: Part Number 零件号 | D4: Part Name 零件名称 | E4: Semi-Finished 是否半成品 | F4: Wire NO. 回路号 | G4: PIN | H4: OPTION | I4: SPEC 规格 | J4: Quantity 数量 | K4: Unit 单位 | L4: Remark | M4: Other-Remark 其他备注 | N4: Sub-Part Number 半成品号 | O4: Sub-Part Name 半成品名称 | P4: Sub-Part Quantity 半成品数量 | Q4: Sub-Part Unit 单位
A5: 1 | B5: 2521188-1 （泰科，取消互锁，工具解锁） 接ACCM端 适配4mm²屏蔽铜包铝交联铝导线 | C5: 2509744-1 | D5: 护套 | E5: N | F5: A02105029 | J5: 1 | K5: PCS | L5: TE | M5: 客户指定
A6: 2 | C6: 2508246-1 | D6: 链式-焊接端子 | E6: N | F6: A03102426 | J6: 2 | K6: PCS | L6: TE | M6: 客户指定
A7: 3 | C7: 2474445-5 | D7: 外屏蔽环 | E7: N | F7: A02104232 | J7: 2 | K7: PCS | L7: TE | M7: 客户指定
A8: 4 | C8: 1-2350495-3 | D8: 内屏蔽环 | E8: N | F8: A03032325 | J8: 2 | K8: PCS | L8: TE | M8: 客户指定
A9: 5 | C9: 2519472-1 | D9: 挡板 | E9: N | F9: A02105028 | J9: 2 | K9: PCS | L9: TE | M9: 客户指定
A10: 6 | C10: 2474450-5 | D10: 密封圈 | E10: N | F10: A03103031 | J10: 2 | K10: PCS | L10: TE | M10: 客户指定
A11: 7 | C11: 2474448-5 | D11: 尾盖 | E11: N | F11: A02104233 | J11: 2 | K11: PCS | L11: TE | M11: 客户指定
A12: 8 | B12: YGC1612-EV-P2PWNA1-4 135度角度出线 （永贵带50A保险，取消互锁，工具解锁） 接电池端 适配4mm²屏蔽铜包铝交联铝导线 | C12: 113990002546 | D12: YGC1612-EV-P2PWNA1插头组件 | E12: N | F12: A02105150 | J12: 1 | K12: PCS | L12: 永贵 | M12: 客户指定
A13: 9 | C13: 113020602561 | D13: 5.8×0.8WABOO3-(T40-T60)SW孔端子组件-链式 | E13: N | F13: A03103441 | J13: 1 | K13: PCS | L13: 永贵 | M13: 客户指定
A14: 10 | C14: 113029800652 | D14: 5.8×0.8WAS002-(T40-T60)SW针端子组件-链式 | E14: N | F14: A03103442 | J14: 1 | K14: PCS | L14: 永贵 | M14: 客户指定
A15: 11 | C15: 114069807127 | D15: YG1612垫片 | E15: N | F15: A02105348 | J15: 1 | K15: PCS | L15: 永贵 | M15: 客户指定
A16: 12 | C16: 114022500495 | D16: YG1467屏蔽件-外-4 | E16: N | F16: A03103443 | J16: 2 | K16: PCS | L16: 永贵 | M16: 客户指定
A17: 13 | C17: 114022500492 | D17: YG1467屏蔽件-内-4 | E17: N | F17: A03103444 | J17: 2 | K17: PCS | L17: 永贵 | M17: 客户指定
A18: 14 | C18: 114050501799 | D18: YGEV2-1封线体-13.9 | E18: N | F18: A02101178 | J18: 1 | K18: PCS | L18: 永贵 | M18: 客户指定
A19: 15 | C19: 114050502508 | D19: YG1612-1封线体-Ф3.9 | E19: N | F19: A02105146 | J19: 1 | K19: PCS | L19: 永贵 | M19: 客户指定
A20: 16 | C20: 114069806819 | D20: Ф6.7尾盖(黑) | E20: N | F20: A02105148 | J20: 1 | K20: PCS | L20: 永贵 | M20: 客户指定
A21: 17 | C21: 114069807132 | D21: Ф6尾盖1(黑) | E21: N | F21: A02105147 | J21: 1 | K21: PCS | L21: 永贵 | M21: 客户指定
A22: 18 | B22: YGC1176D-EV-S(2+2)PT YG1176D（永贵，取消互锁，工具解锁） 接PTC 适配2*4mm²屏蔽铜包铝交联铝导线 | C22: 112030109557 | D22: YGC1176D-EV-S(2+2)PT插头 | E22: N | F22: A02105343 | J22: 1 | K22: PCS | L22: 永贵 | M22: 客户指定
A23: 19 | C23: 115490007801 | D23: 链式-焊接端子 | E23: N | F23: A03103445 | J23: 2 | K23: PCS | L23: 永贵 | M23: 客户指定
A24: 20 | C24: 114022500492 | D24: YG1467屏蔽件-内-4 | E24: N | F24: A03103444 | J24: 2 | K24: PCS | L24: 永贵 | M24: 客户指定
A25: 21 | C25: 114022500495 | D25: YG1467屏蔽件-外-4 | E25: N | F25: A03103443 | J25: 2 | K25: PCS | L25: 永贵 | M25: 客户指定
A26: 22 | C26: 113990001502 | D26: Ф6尾盖组件 | E26: N | F26: A02105149 | J26: 1 | K26: PCS | L26: 永贵 | M26: 客户指定
A27: 23 | B27: F02-372011-111 总成SAP号：A02105443 二分四分线器 适配6*4mm²屏蔽铜包铝交联铝导线 | C27: F02-372010-B04 | D27: 左尾盖 | E27: N | F27: A02104778 | J27: 1 | K27: PCS | L27: 八达 | M27: 客户指定
A28: 24 | C28: F02-372010-G01 | D28: 密封圈 | E28: N | F28: A02104777 | J28: 1 | K28: PCS | L28: 八达 | M28: 客户指定
A29: 25 | C29: F02-372010-03H | D29: 屏蔽环 | E29: N | F29: A03103293 | J29: 4 | K29: PCS | L29: 八达 | M29: 客户指定
A30: 26 | C30: F02-372010-B06 | D30: 上内壳体 | E30: N | F30: A02105137 | J30: 2 | K30: PCS | L30: 八达 | M30: 客户指定
A31: 27 | C31: F02-372010-05H | D31: 上屏蔽罩 | E31: N | F31: A02105136 | J31: 2 | K31: PCS | L31: 八达 | M31: 客户指定
A32: 28 | C32: F02-372010-B07 | D32: 下内壳体 | E32: N | F32: A02105139 | J32: 2 | K32: PCS | L32: 八达 | M32: 客户指定
A33: 29 | C33: F02-372010-06H | D33: 下屏蔽罩 | E33: N | F33: A02105138 | J33: 2 | K33: PCS | L33: 八达 | M33: 客户指定
A34: 30 | C34: F02-372010-04H | D34: 屏蔽环 | E34: N | F34: A03103292 | J34: 2 | K34: PCS | L34: 八达 | M34: 客户指定
A35: 31 | C35: F11-001-000082 | D35: 护套 | E35: N | F35: A05100590 | J35: 1 | K35: PCS | L35: 八达 | M35: 客户指定
A36: 32 | C36: F02-372010-G04 | D36: 密封圈 | E36: N | F36: A02105134 | J36: 1 | K36: PCS | L36: 八达 | M36: 客户指定
A37: 33 | C37: F02-372010-B08 | D37: 尾盖 | E37: N | F37: A02105135 | J37: 1 | K37: PCS | L37: 八达 | M37: 客户指定
A38: 34 | C38: FHLALR91XCCAATB91X/4.0/橙/AL8 | D38: 4.0mm²屏蔽镀锡铜包铝交联铝导线 | E38: N | F38: A01103226 | I38: 开线尺寸未验证 | J38: 2.72 | K38: M | L38: 鑫宏业 | M38: ★
A39: 35 | C39: LG3305D012B | D39: 12OR橙色波纹管 | E39: N | F39: A04101161 | J39: 0.45 | K39: M | L39: 骏鼎达 | M39: ★
A40: 36 | C40: LY5016019-OR2 | D40: 橙色布基胶带 | E40: N | F40: A04101159 | J40: 1.25 | K40: M | L40: 联益 | M40: ★
A41: 37 | C41: P111W0192510003 | D41: 橙色PVC胶带 | E41: N | F41: A04101791 | J41: 4 | K41: M | L41: 亚化 | M41: ★
A42: 38 | C42: PP9108801 | D42: 7*12加高箭头扎带 | E42: N | F42: A06010236 | J42: 1 | K42: PCS | L42: 上海众安 | M42: ★
A43: 39 | C43: 156-03490 | D43: T5抬高螺柱卡 | E43: N | F43: A06101040 | J43: 1 | K43: PCS | L43: 海尔曼太通 | M43: ★
A44: 40 | C44: PP9109401 | D44: M6杉树卡扣 | E44: N | F44: A06003888 | J44: 1 | K44: PCS | L44: 上海众安 | M44: ★
A45: 41 | B45: 原E281-XJ-10 | C45: E281-XJ-09 | D45: 橡胶件 | E45: N | F45: A04102661 | J45: 1 | K45: PCS | L45: 博昊 | M45: ★
A46: 42 | C46: 111-00563 | D46: 扎带绳 | E46: N | F46: A06010012 | J46: 1 | K46: PCS | L46: 海尔曼太通 | M46: ★
A47: 43 | C47: X1-BQ-01 标签140x30mm | D47: 产品标签 | E47: N | F47: 70002326 | J47: 1 | K47: PCS | L47: 洪众
D183: 3

Sheet 6608516992
A1: Version 版本 | B1: Draw No. 图纸号 | C1: entry name 项目名称 | D1: Harness number 零件号 | E1: Harness Name 零件名称 | F1: Draw Version 图纸版本 | G1: Creat Date 报价日期 | H1: Recent AEM 最新AEM | I1: Total Wire 总回路数 | J1: Total Wire length 总导线长度 | K1: Total Connector 总护套数 | L1: Total Terminal 总端子数
A2: V01 | C2: E281 | D2: 6608516992 | E2: 电动压缩机线束总成
A4: NO. | B4: Function 功能 | C4: Part Number 零件号 | D4: Part Name 零件名称 | E4: Semi-Finished 是否半成品 | F4: Wire NO. 回路号 | G4: PIN | H4: OPTION | I4: SPEC 规格 | J4: Quantity 数量 | K4: Unit 单位 | L4: Remark | M4: Other-Remark 其他备注 | N4: Sub-Part Number 半成品号 | O4: Sub-Part Name 半成品名称 | P4: Sub-Part Quantity 半成品数量 | Q4: Sub-Part Unit 单位
A5: 1 | B5: 2521188-1 （泰科，取消互锁，工具解锁） 接ACCM端 适配4mm²屏蔽铜包铝交联铝导线 | C5: 2509744-1 | D5: 护套 | E5: N | F5: A02105029 | J5: 1 | K5: PCS | L5: TE | M5: 客户指定
A6: 2 | C6: 2508246-1 | D6: 链式-焊接端子 | E6: N | F6: A03102426 | J6: 2 | K6: PCS | L6: TE | M6: 客户指定
A7: 3 | C7: 2474445-5 | D7: 外屏蔽环 | E7: N | F7: A02104232 | J7: 2 | K7: PCS | L7: TE | M7: 客户指定
A8: 4 | C8: 1-2350495-3 | D8: 内屏蔽环 | E8: N | F8: A03032325 | J8: 2 | K8: PCS | L8: TE | M8: 客户指定
A9: 5 | C9: 2519472-1 | D9: 挡板 | E9: N | F9: A02105028 | J9: 2 | K9: PCS | L9: TE | M9: 客户指定
A10: 6 | C10: 2474450-5 | D10: 密封圈 | E10: N | F10: A03103031 | J10: 2 | K10: PCS | L10: TE | M10: 客户指定
A11: 7 | C11: 2474448-5 | D11: 尾盖 | E11: N | F11: A02104233 | J11: 2 | K11: PCS | L11: TE | M11: 客户指定
A12: 8 | B12: YGC1612-EV-P2PWNA1-4 135度角度出线 （永贵带50A保险，取消互锁，工具解锁） 接电池端 适配4mm²屏蔽铜包铝交联铝导线 | C12: 113990002546 | D12: YGC1612-EV-P2PWNA1插头组件 | E12: N | F12: A02105150 | J12: 1 | K12: PCS | L12: 永贵 | M12: 客户指定
A13: 9 | C13: 113020602561 | D13: 5.8×0.8WABOO3-(T40-T60)SW孔端子组件-链式 | E13: N | F13: A03103441 | J13: 1 | K13: PCS | L13: 永贵 | M13: 客户指定
A14: 10 | C14: 113029800652 | D14: 5.8×0.8WAS002-(T40-T60)SW针端子组件-链式 | E14: N | F14: A03103442 | J14: 1 | K14: PCS | L14: 永贵 | M14: 客户指定
A15: 11 | C15: 114069807127 | D15: YG1612垫片 | E15: N | F15: A02105348 | J15: 1 | K15: PCS | L15: 永贵 | M15: 客户指定
A16: 12 | C16: 114022500495 | D16: YG1467屏蔽件-外-4 | E16: N | F16: A03103443 | J16: 2 | K16: PCS | L16: 永贵 | M16: 客户指定
A17: 13 | C17: 114022500492 | D17: YG1467屏蔽件-内-4 | E17: N | F17: A03103444 | J17: 2 | K17: PCS | L17: 永贵 | M17: 客户指定
A18: 14 | C18: 114050501799 | D18: YGEV2-1封线体-13.9 | E18: N | F18: A02101178 | J18: 1 | K18: PCS | L18: 永贵 | M18: 客户指定
A19: 15 | C19: 114050502508 | D19: YG1612-1封线体-Ф3.9 | E19: N | F19: A02105146 | J19: 1 | K19: PCS | L19: 永贵 | M19: 客户指定
A20: 16 | C20: 114069806819 | D20: Ф6.7尾盖(黑) | E20: N | F20: A02105148 | J20: 1 | K20: PCS | L20: 永贵 | M20: 客户指定
A21: 17 | C21: 114069807132 | D21: Ф6尾盖1(黑) | E21: N | F21: A02105147 | J21: 1 | K21: PCS | L21: 永贵 | M21: 客户指定
A22: 18 | B22: 1-2509498-1 （TE，取消互锁，工具解锁） 接PTC 适配4mm²屏蔽铜包铝交联铝导线 | C22: 1-2509498-1 | D22: 护套 | E22: N | F22: A02104830 | J22: 1 | K22: PCS | L22: TE | M22: 客户指定
A23: 19 | C23: 2508246-1 | D23: 链式-焊接端子 | E23: N | F23: A03102426 | J23: 2 | K23: PCS | L23: TE | M23: 客户指定
A24: 20 | C24: 2350478-3 | D24: 外屏蔽环 | E24: N | F24: A03031396 | J24: 2 | K24: PCS | L24: TE | M24: 客户指定
A25: 21 | C25: 1-2350495-3 | D25: 内屏蔽环 | E25: N | F25: A03032325 | J25: 2 | K25: PCS | L25: TE | M25: 客户指定
A26: 22 | C26: 2481575-2 | D26: 开口-垫片 | E26: N | F26: A02101462 | J26: 1 | K26: PCS | L26: TE | M26: 客户指定
A27: 23 | C27: 2404135-2 | D27: 密封圈 | E27: N | F27: A02103713 | J27: 1 | K27: PCS | L27: TE | M27: 客户指定
A28: 24 | C28: 1-2310469-5 | D28: 尾盖 | E28: N | F28: A02033357 | J28: 1 | K28: PCS | L28: TE | M28: 客户指定
A29: 25 | B29: F02-372011-111 二分四分线器 适配6*4mm²屏蔽铜包铝交联铝导线 | C29: F02-372010-B04 | D29: 左尾盖 | E29: N | F29: A02104778 | J29: 1 | K29: PCS | L29: 八达 | M29: 客户指定
A30: 26 | C30: F02-372010-G01 | D30: 密封圈 | E30: N | F30: A02104777 | J30: 1 | K30: PCS | L30: 八达 | M30: 客户指定
A31: 27 | C31: F02-372010-03H | D31: 屏蔽环 | E31: N | F31: A03103293 | J31: 4 | K31: PCS | L31: 八达 | M31: 客户指定
A32: 28 | C32: F02-372010-B06 | D32: 上内壳体 | E32: N | F32: A02105137 | J32: 2 | K32: PCS | L32: 八达 | M32: 客户指定
A33: 29 | C33: F02-372010-05H | D33: 上屏蔽罩 | E33: N | F33: A02105136 | J33: 2 | K33: PCS | L33: 八达 | M33: 客户指定
A34: 30 | C34: F02-372010-B07 | D34: 下内壳体 | E34: N | F34: A02105139 | J34: 2 | K34: PCS | L34: 八达 | M34: 客户指定
A35: 31 | C35: F02-372010-06H | D35: 下屏蔽罩 | E35: N | F35: A02105138 | J35: 2 | K35: PCS | L35: 八达 | M35: 客户指定
A36: 32 | C36: F02-372010-04H | D36: 屏蔽环 | E36: N | F36: A03103292 | J36: 2 | K36: PCS | L36: 八达 | M36: 客户指定
A37: 33 | C37: F11-001-000082 | D37: 护套 | E37: N | F37: A05100590 | J37: 1 | K37: PCS | L37: 八达 | M37: 客户指定
A38: 34 | C38: F02-372010-G04 | D38: 密封圈 | E38: N | F38: A02105134 | J38: 1 | K38: PCS | L38: 八达 | M38: 客户指定
A39: 35 | C39: F02-372010-B08 | D39: 尾盖 | E39: N | F39: A02105135 | J39: 1 | K39: PCS | L39: 八达 | M39: 客户指定
A40: 36 | C40: FHLALR91XCCAATB91X/4.0/橙/AL8 | D40: 4.0mm²屏蔽镀锡铜包铝交联铝导线 | E40: N | F40: A01103226 | I40: 开线尺寸未验证 | J40: 2.53 | K40: M | L40: 鑫宏业 | M40: ★
A41: 37 | C41: LG3305D012B | D41: 12OR橙色波纹管 | E41: N | F41: A04101161 | J41: 0.52 | K41: M | L41: 骏鼎达 | M41: ★
A42: 38 | C42: LY5016019-OR2 | D42: 橙色布基胶带 | E42: N | F42: A04101159 | J42: 1.25 | K42: M | L42: 联益 | M42: ★
A43: 39 | C43: P111W0192510003 | D43: 橙色PVC胶带 | E43: N | F43: A04101791 | J43: 4 | K43: M | L43: 亚化 | M43: ★
A44: 40 | C44: PP9108801 | D44: 7*12加高箭头扎带 | E44: N | F44: A06010236 | J44: 1 | K44: PCS | L44: 上海众安 | M44: ★
A45: 41 | C45: 156-03490 | D45: T5抬高螺柱卡 | E45: N | F45: A06101040 | J45: 1 | K45: PCS | L45: 海尔曼太通 | M45: ★
A46: 42 | C46: PP9109401 | D46: M6杉树卡扣 | E46: N | F46: A06003888 | J46: 1 | K46: PCS | L46: 上海众安 | M46: ★
A47: 43 | B47: 原E281-XJ-10 | C47: E281-XJ-09 | D47: 橡胶件 | E47: N | F47: A04102661 | J47: 1 | K47: PCS | L47: 博昊 | M47: ★
A48: 44 | C48: 111-00563 | D48: 扎带绳 | E48: N | F48: A06010012 | J48: 1 | K48: PCS | L48: 海尔曼太通 | M48: ★
A49: 45 | C49: X1-BQ-01 标签140x30mm | D49: 产品标签 | E49: N | F49: 70002326 | J49: 1 | K49: PCS | L49: 洪众
D185: 3

Sheet 6608519100
A1: Version 版本 | B1: Draw No. 图纸号 | C1: entry name 项目名称 | D1: Harness number 零件号 | E1: Harness Name 零件名称 | F1: Draw Version 图纸版本 | G1: Creat Date 报价日期 | H1: Recent AEM 最新AEM | I1: Total Wire 总回路数 | J1: Total Wire length 总导线长度 | K1: Total Connector 总护套数 | L1: Total Terminal 总端子数
A2: V01 | C2: E281 | D2: 6608519100 | E2: 电动压缩机线束总成
A4: NO. | B4: Function 功能 | C4: Part Number 零件号 | D4: Part Name 零件名称 | E4: Semi-Finished 是否半成品 | F4: Wire NO. 回路号 | G4: PIN | H4: OPTION | I4: SPEC 规格 | J4: Quantity 数量 | K4: Unit 单位 | L4: Remark | M4: Other-Remark 其他备注 | N4: Sub-Part Number 半成品号 | O4: Sub-Part Name 半成品名称 | P4: Sub-Part Quantity 半成品数量 | Q4: Sub-Part Unit 单位
A5: 1 | B5: 2521188-1 （泰科，取消互锁，工具解锁） 接ACCM端 适配4mm²屏蔽铜包铝交联铝导线 | C5: 2509744-1 | D5: 护套 | E5: N | F5: A02105029 | J5: 1 | K5: PCS | L5: TE | M5: 客户指定
A6: 2 | C6: 2508246-1 | D6: 链式-焊接端子 | E6: N | F6: A03102426 | J6: 2 | K6: PCS | L6: TE | M6: 客户指定
A7: 3 | C7: 2474445-5 | D7: 外屏蔽环 | E7: N | F7: A02104232 | J7: 2 | K7: PCS | L7: TE | M7: 客户指定
A8: 4 | C8: 1-2350495-3 | D8: 内屏蔽环 | E8: N | F8: A03032325 | J8: 2 | K8: PCS | L8: TE | M8: 客户指定
A9: 5 | C9: 2519472-1 | D9: 挡板 | E9: N | F9: A02105028 | J9: 2 | K9: PCS | L9: TE | M9: 客户指定
A10: 6 | C10: 2474450-5 | D10: 密封圈 | E10: N | F10: A03103031 | J10: 2 | K10: PCS | L10: TE | M10: 客户指定
A11: 7 | C11: 2474448-5 | D11: 尾盖 | E11: N | F11: A02104233 | J11: 2 | K11: PCS | L11: TE | M11: 客户指定
A12: 8 | B12: PEVC-040-P42A-004-W （菲尼克斯带，取消互锁，工具解锁） 接电驱 适配4mm²屏蔽铜包铝交联铝导线 | C12: 1890945 | D12: 护套-插头半成品 | E12: N | F12: A02105026 | J12: 1 | K12: PCS | L12: 菲尼克斯 | M12: 客户指定
A13: 9 | C13: 1890948 | D13: 焊接端子 | E13: N | F13: A03103392 | J13: 2 | K13: PCS | L13: 菲尼克斯 | M13: 客户指定
A14: 10 | C14: 1806556 | D14: 屏蔽外环 | E14: N | F14: A03103390 | J14: 2 | K14: PCS | L14: 菲尼克斯 | M14: 客户指定
A15: 11 | C15: 1806554 | D15: 4方屏蔽内环 | E15: N | F15: A03103391 | J15: 2 | K15: PCS | L15: 菲尼克斯 | M15: 客户指定
A16: 12 | C16: 1806550 | D16: 4方线束密封圈(红色) | E16: N | F16: A02105023 | J16: 4 | K16: PCS | L16: 菲尼克斯 | M16: 客户指定
A17: 13 | C17: 1806425 | D17: 4方线束尾盖(红色) | E17: N | F17: A02105024 | J17: 4 | K17: PCS | L17: 菲尼克斯 | M17: 客户指定
A18: 14 | C18: 1806416 | D18: 4方盲堵(红色) | E18: N | F18: A02105022 | J18: 2 | K18: PCS | L18: 菲尼克斯 | M18: 客户指定
A19: 3 | C19: FHLALR91XCCAATB91X/4.0/橙/AL8 | D19: 4.0mm²屏蔽镀锡铜包铝交联铝导线 | E19: N | F19: A01103226 | I19: =1924/1000 -> 1.924 | J19: 1.98 | K19: M | L19: 鑫宏业 | M19: ★
A20: 4 | C20: LG3305D012B | D20: 12OR橙色波纹管 | E20: N | F20: A04101161 | J20: 0.82 | K20: M | L20: 骏鼎达 | M20: ★
A21: 5 | C21: E281-HB-06 | D21: 塑料支架（带1个衬套） | E21: N | F21: A06102156 | J21: 1 | K21: PCS | L21: 上海程达 | M21: ★
A22: 6 | B22: 金属支架E281-ZJ-11 | C22: E281-HB-10 | D22: 塑料支架（带卡扣） | E22: N | F22: A06102206 | J22: 1 | K22: PCS | L22: 上海程达 | M22: ★
A23: 7 | C23: LY5016019-OR2 | D23: 橙色布基胶带 | E23: N | F23: A04101159 | J23: 1 | K23: M | L23: 联益 | M23: ★
A24: 8 | C24: P111W0192510003 | D24: 橙色PVC胶带 | E24: N | F24: A04101791 | J24: 2 | K24: M | L24: 亚化 | M24: ★
A25: 9 | C25: PP9104320 | D25: 7*12箭头扎带 | E25: N | F25: A06101606 | J25: 2 | K25: PCS | L25: 上海众安 | M25: ★
A26: 10 | C26: 111-00563 | D26: 扎带绳 | E26: N | F26: A06010012 | J26: 3 | K26: PCS | L26: 海尔曼太通 | M26: ★
A27: 11 | C27: X1-BQ-01 标签140x30mm | D27: 产品标签 | E27: N | F27: 70002326 | J27: 1 | K27: PCS | L27: 洪众
D163: 3

Sheet 6608442966
A1: Version 版本 | B1: Draw No. 图纸号 | C1: entry name 项目名称 | D1: Harness number 零件号 | E1: Harness Name 零件名称 | F1: Draw Version 图纸版本 | G1: Creat Date 报价日期 | H1: Recent AEM 最新AEM | I1: Total Wire 总回路数 | J1: Total Wire length 总导线长度 | K1: Total Connector 总护套数 | L1: Total Terminal 总端子数
A2: V01 | C2: E281 | D2: 6608442966 | E2: 组合式充电插座线束总成
A4: NO. | B4: Function 功能 | C4: Part Number 零件号 | D4: Part Name 零件名称 | E4: Semi-Finished 是否半成品 | F4: Wire NO. 回路号 | G4: PIN | H4: OPTION | I4: SPEC 规格 | J4: Quantity 数量 | K4: Unit 单位 | L4: Remark | M4: Other-Remark 其他备注 | N4: Sub-Part Number 半成品号 | O4: Sub-Part Name 半成品名称 | P4: Sub-Part Quantity 半成品数量 | Q4: Sub-Part Unit 单位
A5: 1 | B5: 2523328-1 组合式充电插座(带电子锁，防尘盖) DC：120mm²非屏蔽硅胶铝导线 AC：6mm²非屏蔽铝导线 DC接地：6mm²非屏蔽黄绿铜导线 AC接地：5mm²非屏蔽黄绿铜导线 | C5: 2519063-1 | D5: 防尘盖组件 | E5: N | F5: A02105132 | J5: 1 | K5: PCS | L5: TE | M5: 客户指定 | N5: =VLOOKUP(F5,#REF!,2,0) -> #REF! | O5: =J5*105 -> 105 | P5: =N5-O5 -> #REF!
A6: 2 | C6: 2490531-6 | D6: 法兰盘面板 | E6: N | F6: A05100638 | J6: 1 | K6: PCS | L6: TE | M6: 客户指定 | N6: =VLOOKUP(F6,#REF!,2,0) -> #REF! | O6: =J6*105 -> 105 | P6: =N6-O6 -> #REF!
A7: 3 | C7: 2521766-1 | D7: 直流壳体组件 | E7: N | F7: A05100637 | J7: 1 | K7: PCS | L7: TE | M7: 客户指定 | N7: =VLOOKUP(F7,#REF!,2,0) -> #REF! | O7: =J7*105 -> 105 | P7: =N7-O7 -> #REF!
A8: 4 | C8: 2495482-6 | D8: DC-焊接端子组件 | E8: N | F8: A03103436 | J8: 2 | K8: PCS | L8: TE | M8: 客户指定 | N8: =VLOOKUP(F8,#REF!,2,0) -> #REF! | O8: =J8*105 -> 210 | P8: =N8-O8 -> #REF!
A9: 5 | C9: 2521057-1 | D9: DC-PE-压接端子 | E9: N | F9: A05100556 | J9: 1 | K9: PCS | L9: TE | M9: 客户指定 | N9: =VLOOKUP(F9,#REF!,2,0) -> #REF! | O9: =J9*105 -> 105 | P9: =N9-O9 -> #REF!
A10: 6 | C10: 2411162-9 | D10: 密封圈-DC-焊接端子 | E10: N | F10: A02104529 | J10: 2 | K10: PCS | L10: TE | M10: 客户指定 | N10: =VLOOKUP(F10,#REF!,2,0) -> #REF! | O10: =J10*105 -> 210 | P10: =N10-O10 -> #REF!
A11: 7 | C11: 2403723-6 | D11: PE线密封圈 | E11: N | F11: A02104531 | J11: 1 | K11: PCS | L11: TE | M11: 客户指定 | N11: =VLOOKUP(F11,#REF!,2,0) -> #REF! | O11: =J11*105 -> 105 | P11: =N11-O11 -> #REF!
A12: 8 | C12: 2403722-7 | D12: PE尾盖 | E12: N | F12: A02104533 | J12: 1 | K12: PCS | L12: TE | M12: 客户指定 | N12: =VLOOKUP(F12,#REF!,2,0) -> #REF! | O12: =J12*105 -> 105 | P12: =N12-O12 -> #REF!
A13: 9 | C13: 2406408-1 | D13: DC线密封圈 | E13: N | F13: A02105133 | J13: 2 | K13: PCS | L13: TE | M13: 客户指定 | N13: =VLOOKUP(F13,#REF!,2,0) -> #REF! | O13: =J13*105 -> 210 | P13: =N13-O13 -> #REF!
A14: 10 | C14: 2406406-1 | D14: DC尾盖 | E14: N | F14: A02105131 | J14: 2 | K14: PCS | L14: TE | M14: 客户指定 | N14: =VLOOKUP(F14,#REF!,2,0) -> #REF! | O14: =J14*105 -> 210 | P14: =N14-O14 -> #REF!
A15: 11 | C15: 2517495-1 | D15: 交流壳体组件 | E15: N | F15: A05100636 | J15: 1 | K15: PCS | L15: TE | M15: 客户指定 | N15: =VLOOKUP(F15,#REF!,2,0) -> #REF! | O15: =J15*105 -> 105 | P15: =N15-O15 -> #REF!
A16: 12 | C16: 2519345-1 | D16: AC+AC-PE焊接端子 | E16: N | F16: A03103175 | J16: 3 | K16: PCS | L16: TE | M16: 客户指定 | N16: =VLOOKUP(F16,#REF!,2,0) -> #REF! | O16: =J16*105 -> 315 | P16: =N16-O16 -> #REF!
A17: 13 | C17: 2500438-1 | D17: 密封圈-AC+AC-PE焊接端子 | E17: N | F17: A02104528 | J17: 3 | K17: PCS | L17: TE | M17: 客户指定 | N17: =VLOOKUP(F17,#REF!,2,0) -> #REF! | O17: =J17*105 -> 315 | P17: =N17-O17 -> #REF!
... A22: 18 | C22: 2333693-1 | D22: M5螺栓 | E22: N | F22: A07003209 | J22: 4 | K22: PCS | L22: TE | M22: 客户指定 | N22: =VLOOKUP(F22,#REF!,2,0) -> #REF! | O22: =J22*105 -> 420 | P22: =N22-O22 -> #REF!
A23: 19 | B23: 1-2438787-1 DC 8PIN低压信号连接器 适配8*0.5mm²线 | C23: 1-2438787-1 | D23: DC端低压插件-8pin | E23: N | F23: A02100365 | J23: 1 | K23: PCS | L23: TE | M23: 客户指定
A24: 20 | C24: 7-2435189-1 | D24: 低压线端子-链式压接 | E24: N | F24: A03033043 | J24: 8 | K24: PCS | L24: TE | M24: 客户指定
A25: 21 | C25: 5-2435022-1 | D25: 低压线防水栓 | E25: N | F25: A03100681 | J25: 8 | K25: PCS | L25: TE | M25: 客户指定
A26: 22 | B26: 1-2355517-5 AC 6PIN低压信号连接器, 6#不使用 适配5*0.5方单芯铜导线 | C26: 1-2355517-5 | D26: AC端低压插件-5pin | E26: N | F26: A02034551 | J26: 1 | K26: PCS | L26: TE | M26: 客户指定
A27: 23 | C27: 7-2435189-1 | D27: 低压线端子-链式压接 | E27: N | F27: A03033043 | J27: 5 | K27: PCS | L27: TE | M27: 客户指定
A28: 24 | C28: 5-2435022-1 | D28: 低压线防水栓 | E28: N | F28: A03100681 | J28: 5 | K28: PCS | L28: TE | M28: 客户指定
A29: 25 | C29: 5-2435306-1 | D29: 盲堵 | E29: N | F29: A02101106 | J29: 1 | K29: PCS | L29: TE | M29: 客户指定
A30: 26 | B30: 2298159-1 电子锁低压连接器总成 适配4*0.5mm²单芯铜导线 | C30: 2298159-1 | D30: 电子锁低压插件-4pin | E30: N | F30: A02033733 | J30: 1 | K30: PCS | L30: TE | M30: 客户指定
A31: 27 | C31: 5-965906-1 | D31: 电子锁低压端子-链式压接 | E31: N | F31: A03030931 | J31: 4 | K31: PCS | L31: TE | M31: 客户指定
A32: 28 | C32: 5-2435022-1 | D32: 低压线防水栓 | E32: N | F32: A03100681 | J32: 4 | K32: PCS | L32: TE | M32: 客户指定
A33: 29 | B33: 5-2385463-1 低压inline连接器总成，22pin使用16pin 4#8#13#15#16#22#不使用 适配16*0.5mm²单芯铜导线 | C33: 5-2385463-1 | D33: 护套塑壳 | E33: N | F33: A02101947 | J33: 1 | K33: PCS | L33: TE | M33: 客户指定
A34: 30 | C34: 2377023-2 | D34: 0.64型端子 | E34: N | F34: A03033091 | J34: 15 | K34: PCS | L34: TE | M34: 客户指定
A35: 31 | C35: 2377789-2 | D35: 1.2型端子 | E35: N | F35: A03033363 | J35: 1 | K35: PCS | L35: TE | M35: 客户指定
A36: 32 | C36: 2377665-4 | D36: 防水栓（非1/8/15/22）-0.64型端子使用 | E36: N | F36: A03033097 | J36: 15 | K36: PCS | L36: TE | M36: 客户指定
A37: 33 | C37: 963142-1 | D37: 防水栓（1/8/15/22）-1.2型端子使用 | E37: N | F37: A03030849 | J37: 1 | K37: PCS | L37: TE | M37: 客户指定
A38: 34 | C38: 2377665-3 | D38: 盲栓（非1/8/15/22）-0.64型端子使用 | E38: N | F38: A02034386 | J38: 3 | K38: PCS | L38: TE | M38: 客户指定
A39: 35 | C39: 963143-1 | D39: 盲栓（1/8/15/22）-1.2型端子使用 | E39: N | F39: A02031363 | J39: 3 | K39: PCS | L39: TE | M39: 客户指定
A40: 36 | C40: BH4309802 | D40: 箭头扎带卡花 | E40: N | F40: A06100441 | J40: 1 | K40: PCS | L40: 博昊 | M40: 客户指定
A41: 37 | B41: HVSPC2P1900FS112 快充连接器（直流） 适配2*120mm²非屏蔽硅胶铝导线 ESOW：HVSPC2P1900FS112（安费诺，120方非屏蔽、CodeA、带互锁、180°正插） 3D数据：Code A0 180度 安费诺提供资料：180度 | C41: HVSPC2P1900FS1-M | D41: 护套-正插Code A0-180度 | E41: N | F41: A02105129 | J41: 1 | K41: PCS | L41: 安费诺 | M41: 客户指定
A42: 38 | C42: HVPC2P1900FS-05 | D42: 端子 | E42: N | F42: A03103435 | J42: 2 | K42: PCS | L42: 安费诺 | M42: 客户指定
A43: 39 | C43: HVPC2P1900FV-08 | D43: 密封圈挡板 | E43: N | F43: A02104536 | J43: 2 | K43: PCS | L43: 安费诺 | M43: 客户指定
A44: 40 | C44: HVPC2P1900FV-0985 | D44: 120mm²密封圈 | E44: N | F44: A02105127 | J44: 2 | K44: PCS | L44: 安费诺 | M44: 客户指定
A45: 41 | C45: HVSPC2P1900FF-09120 | D45: 120mm²线夹 | E45: N | F45: A02105130 | J45: 2 | K45: PCS | L45: 安费诺 | M45: 客户指定
A46: 42 | C46: HVSPC2P1900FF-07120 | D46: 120mm²后盖 | E46: N | F46: A02105125 | J46: 2 | K46: PCS | L46: 安费诺 | M46: 客户指定
A47: 43 | B47: HVC2PG263UFSW106-NH 慢充连接器（交流） 适配2*6mm²非屏蔽铝导线 （安费诺，取消互锁，工具解锁，6方非屏蔽铝线，超声波焊接） | C47: HVC2PG263FSW1-M-NH-P010 | D47: 插头组件Code A 无高压互锁 | E47: N | F47: A02104803 | J47: 1 | K47: PCS | L47: 安费诺 | M47: 客户指定
A48: 44 | C48: N022525343C-P010 | D48: 6.3母端子(2.5-6mm²) | E48: N | F48: A03101971 | J48: 2 | K48: PCS | L48: 安费诺 | M48: 客户指定
A49: 45 | C49: HVC2P63FS-10-0902-P010 | D49: HVC2P63-02线束密封圈 白色 | E49: N | F49: A02105128 | J49: 1 | K49: PCS | L49: 安费诺 | M49: 客户指定
A50: 46 | C50: HVC2P63UFS-21-0306-P010 | D50: HVC2P63插头06非屏蔽线卡 紫色 | E50: N | F50: A02105123 | J50: 1 | K50: PCS | L50: 安费诺 | M50: 客户指定
A51: 47 | C51: HVC2P63UFS-22-0306-P010 | D51: HVC2P63插头06非屏蔽后盖 紫色 | E51: N | F51: A02105126 | J51: 1 | K51: PCS | L51: 安费诺 | M51: 客户指定
A52: 48 | B52: AC接地端子 | C52: K03006773 | D52: AC接地端子 | E52: N | F52: A03103446 | J52: 1 | K52: PCS | L52: 丰迪 | M52: ★
A53: 49 | B53: DC接地端子 | C53: K03005541 | D53: DC接地端子 | E53: N | F53: A03101932 | J53: 1 | K53: PCS | L53: 丰迪 | M53: ★
A54: 50 | B54: AC-PE和DC-PE热缩管 | C54: HDGW 12-30 | D54: 带胶-热缩管-黑色 | E54: N | F54: A04102221 | J54: 2 | K54: PCS | L54: 长春海达 | M54: ★
A55: 51 | B55: 电子锁低压线并线焊接热缩 | C55: DPHS12-X0-5.75/1.27-L30 | D55: 带胶-热缩管-透明 | E55: N | F55: A04101758 | J55: 1 | K55: PCS | L55: 双宇 | M55: ★
A56: 52 | C56: FHLALR2G/120.0/橙 | D56: 120mm²单芯非屏蔽铝导线 | E56: N | F56: A01101891 | I56: =2623/1000 -> 2.623 | J56: 2.75 | K56: M | L56: 鑫宏业 | M56: ★
A57: 53 | C57: FHLAL91X/6.0/橙/AL8 | D57: 6mm²单芯非屏蔽铝导线 | E57: N | F57: A01103404 | I57: =2846/1000 -> 2.846 | J57: 2.86 | K57: M | L57: 鑫宏业 | M57: ★
A58: 54 | C58: FHL91X/6.0/黄绿 | D58: 6mm²单芯铜导线 | E58: N | F58: A01102926 | I58: =230/1000 -> 0.23 | J58: 0.26 | K58: M | L58: 鑫宏业 | M58: ★
A59: 55 | C59: FHL91X/5.0/黄绿 | D59: 5mm²单芯铜导线 | E59: N | F59: A01103405 | I59: =223/1000 -> 0.223 | J59: 0.25 | K59: M | L59: 鑫宏业 | M59: ★
A60: 56 | C60: FLRY-B/0.5/棕兰 | D60: 0.5低压导线 | E60: N | F60: A01011830 | I60: =8.2 -> 8.2 | J60: 0.56 | K60: M | L60: 福斯 | M60: ★
A61: 57 | C61: FLRY-B/0.5/棕 | D61: 0.5低压导线 | E61: N | F61: A01011832 | J61: 0.51 | K61: M | L61: 福斯 | M61: ★
A62: 58 | C62: FLRY-B/0.5/兰黄 | D62: 0.5低压导线 | E62: N | F62: A01011805 | J62: 0.51 | K62: M | L62: 福斯 | M62: ★
A63: 59 | C63: FLRY-B/0.5/红 | D63: 0.5低压导线 | E63: N | F63: A01011755 | J63: 0.51 | K63: M | L63: 福斯 | M63: ★
A64: 60 | C64: FLRY-B/0.5/黑 | D64: 0.5低压导线 | E64: N | F64: A01011796 | J64: 1 | K64: M | L64: 福斯 | M64: ★
A65: 61 | C65: FLRY-B/0.5/兰 | D65: 0.5低压导线 | E65: N | F65: A01011808 | J65: 0.51 | K65: M | L65: 福斯 | M65: ★
A66: 62 | C66: FLRY-B/0.5/黄黑 | D66: 0.5低压导线 | E66: N | F66: A01011774 | J66: 0.56 | K66: M | L66: 福斯 | M66: ★
A67: 63 | C67: FLRY-B/0.5/白 | D67: 0.5低压导线 | E67: N | F67: A01011749 | J67: 0.56 | K67: M | L67: 福斯 | M67: ★
A68: 64 | C68: FLRY-B/0.5/黄 | D68: 0.5低压导线 | E68: N | F68: A01011771 | J68: 0.56 | K68: M | L68: 福斯 | M68: ★
A69: 65 | C69: FLRY-B/0.5/黑白 | D69: 0.5低压导线 | E69: N | F69: A01011792 | J69: 0.56 | K69: M | L69: 福斯 | M69: ★
A70: 66 | C70: FLRY-B/0.5/黄白 | D70: 0.5低压导线 | E70: N | F70: A01011769 | J70: 0.56 | K70: M | L70: 福斯 | M70: ★
A71: 67 | C71: FLRY-B/0.5/红白 | D71: 0.5低压导线 | E71: N | F71: A01011754 | J71: 0.56 | K71: M | L71: 福斯 | M71: ★
A72: 68 | C72: FLRY-B/0.5/绿白 | D72: 0.5低压导线 | E72: N | F72: A01011780 | J72: 0.56 | K72: M | L72: 福斯 | M72: ★
... A91: 87 | C91: E281-XJ-04 | D91: 橡胶件 | E91: N | F91: A04102666 | J91: 1 | K91: PCS | L91: 博昊 | M91: ★
A92: 88 | B92: 原E281-XJ-11 | C92: E281-XJ-09 | D92: 橡胶件 | E92: N | F92: A04102661 | J92: 1 | K92: PCS | L92: 博昊 | M92: ★
A93: 89 | C93: PP9104320 | D93: 7*12箭头扎带 | E93: N | F93: A06101606 | J93: 3 | K93: PCS | L93: 上海众安 | M93: ★
A94: 90 | C94: 126-00177 | D94: M6.5箭头卡扣 | E94: N | F94: A06004365 | J94: 1 | K94: PCS | L94: 海尔曼太通 | M94: ★
A95: 91 | C95: PP9122201 | D95: M6立置螺柱卡 | E95: N | F95: A06101666 | J95: 1 | K95: PCS | L95: 上海众安 | M95: ★
A96: 92 | C96: PP9120801 | D96: M6侧置螺柱卡 | E96: N | F96: A06004924 | J96: 1 | K96: PCS | L96: 上海众安 | M96: ★
A97: 93 | C97: PP9117701 | D97: M6杉树卡扣 | E97: N | F97: A06004922 | J97: 1 | K97: PCS | L97: 上海众安 | M97: ★
A98: 94 | C98: 111-00563 | D98: 扎带绳 | E98: N | F98: A06010012 | J98: 4 | K98: PCS | L98: 海尔曼太通 | M98: ★
A99: 95 | C99: 111-00580 | D99: 扎带绳 | E99: N | F99: A06000221 | J99: 4 | K99: PCS | L99: 海尔曼太通 | M99: ★
A100: 96 | C100: PP9127401 | D100: 隔线扎带绳 | E100: N | F100: A06101064 | J100: 1 | K100: PCS | L100: 上海众安 | M100: ★
A101: 97 | C101: X1-BQ-01 标签140x30mm | D101: 产品标签 | E101: N | F101: 70002326 | J101: 1 | K101: PCS | L101: 洪众
D232: 11

Sheet 6608442965
A1: Version 版本 | B1: Draw No. 图纸号 | C1: entry name 项目名称 | D1: Harness number 零件号 | E1: Harness Name 零件名称 | F1: Draw Version 图纸版本 | G1: Creat Date 报价日期 | H1: Recent AEM 最新AEM | I1: Total Wire 总回路数 | J1: Total Wire length 总导线长度 | K1: Total Connector 总护套数 | L1: Total Terminal 总端子数
A2: V01 | C2: E281 | D2: 6608442965 | E2: 组合式充电插座线束总成
A4: NO. | B4: Function 功能 | C4: Part Number 零件号 | D4: Part Name 零件名称 | E4: Semi-Finished 是否半成品 | F4: Wire NO. 回路号 | G4: PIN | H4: OPTION | I4: SPEC 规格 | J4: Quantity 数量 | K4: Unit 单位 | L4: Remark | M4: Other-Remark 其他备注 | N4: Sub-Part Number 半成品号 | O4: Sub-Part Name 半成品名称 | P4: Sub-Part Quantity 半成品数量 | Q4: Sub-Part Unit 单位
A5: 1 | B5: 2523328-1 组合式充电插座(带电子锁，防尘盖) DC：120mm²非屏蔽硅胶铝导线 AC：6mm²非屏蔽铝导线 DC接地：6mm²非屏蔽黄绿铜导线 AC接地：5mm²非屏蔽黄绿铜导线 | C5: 2519063-1 | D5: 防尘盖组件 | E5: N | F5: A02105132 | J5: 1 | K5: PCS | L5: TE | M5: 客户指定
A6: 2 | C6: 2490531-6 | D6: 法兰盘面板 | E6: N | F6: A05100638 | J6: 1 | K6: PCS | L6: TE | M6: 客户指定
A7: 3 | C7: 2521766-1 | D7: 直流壳体组件 | E7: N | F7: A05100637 | J7: 1 | K7: PCS | L7: TE | M7: 客户指定
A8: 4 | C8: 2495482-6 | D8: DC-焊接端子组件 | E8: N | F8: A03103436 | J8: 2 | K8: PCS | L8: TE | M8: 客户指定
A9: 5 | C9: 2521057-1 | D9: DC-PE-压接端子 | E9: N | F9: A05100556 | J9: 1 | K9: PCS | L9: TE | M9: 客户指定
A10: 6 | C10: 2411162-9 | D10: 密封圈-DC-焊接端子 | E10: N | F10: A02104529 | J10: 2 | K10: PCS | L10: TE | M10: 客户指定
A11: 7 | C11: 2403723-6 | D11: PE线密封圈 | E11: N | F11: A02104531 | J11: 1 | K11: PCS | L11: TE | M11: 客户指定
A12: 8 | C12: 2403722-7 | D12: PE尾盖 | E12: N | F12: A02104533 | J12: 1 | K12: PCS | L12: TE | M12: 客户指定
A13: 9 | C13: 2406408-1 | D13: DC线密封圈 | E13: N | F13: A02105133 | J13: 2 | K13: PCS | L13: TE | M13: 客户指定
A14: 10 | C14: 2406406-1 | D14: DC尾盖 | E14: N | F14: A02105131 | J14: 2 | K14: PCS | L14: TE | M14: 客户指定
A15: 11 | C15: 2517495-1 | D15: 交流壳体组件 | E15: N | F15: A05100636 | J15: 1 | K15: PCS | L15: TE | M15: 客户指定
A16: 12 | C16: 2519345-1 | D16: AC+AC-PE焊接端子 | E16: N | F16: A03103175 | J16: 3 | K16: PCS | L16: TE | M16: 客户指定
A17: 13 | C17: 2500438-1 | D17: 密封圈-AC+AC-PE焊接端子 | E17: N | F17: A02104528 | J17: 3 | K17: PCS | L17: TE | M17: 客户指定
... A22: 18 | C22: 2333693-1 | D22: M5螺栓 | E22: N | F22: A07003209 | J22: 4 | K22: PCS | L22: TE | M22: 客户指定
A23: 19 | B23: 1-2438787-1 DC 8PIN低压信号连接器 适配8*0.5mm²线 | C23: 1-2438787-1 | D23: DC端低压插件-8pin | E23: N | F23: A02100365 | J23: 1 | K23: PCS | L23: TE | M23: 客户指定
A24: 20 | C24: 7-2435189-1 | D24: 低压线端子-链式压接 | E24: N | F24: A03033043 | J24: 8 | K24: PCS | L24: TE | M24: 客户指定
A25: 21 | C25: 5-2435022-1 | D25: 低压线防水栓 | E25: N | F25: A03100681 | J25: 8 | K25: PCS | L25: TE | M25: 客户指定
A26: 22 | B26: 1-2355517-5 AC 6PIN低压信号连接器, 6#不使用 适配5*0.5方单芯铜导线 | C26: 1-2355517-5 | D26: AC端低压插件-5pin | E26: N | F26: A02034551 | J26: 1 | K26: PCS | L26: TE | M26: 客户指定
A27: 23 | C27: 7-2435189-1 | D27: 低压线端子-链式压接 | E27: N | F27: A03033043 | J27: 5 | K27: PCS | L27: TE | M27: 客户指定
A28: 24 | C28: 5-2435022-1 | D28: 低压线防水栓 | E28: N | F28: A03100681 | J28: 5 | K28: PCS | L28: TE | M28: 客户指定
A29: 25 | C29: 5-2435306-1 | D29: 盲堵 | E29: N | F29: A02101106 | J29: 1 | K29: PCS | L29: TE | M29: 客户指定
A30: 26 | B30: 2298159-1 电子锁低压连接器总成 适配4*0.5mm²单芯铜导线 | C30: 2298159-1 | D30: 电子锁低压插件-4pin | E30: N | F30: A02033733 | J30: 1 | K30: PCS | L30: TE | M30: 客户指定
A31: 27 | C31: 5-965906-1 | D31: 电子锁低压端子-链式压接 | E31: N | F31: A03030931 | J31: 4 | K31: PCS | L31: TE | M31: 客户指定
A32: 28 | C32: 5-2435022-1 | D32: 低压线防水栓 | E32: N | F32: A03100681 | J32: 4 | K32: PCS | L32: TE | M32: 客户指定
A33: 29 | B33: 5-2385463-1 低压inline连接器总成，22pin使用16pin 4#8#13#15#16#22#不使用 适配16*0.5mm²单芯铜导线 | C33: 5-2385463-1 | D33: 护套塑壳 | E33: N | F33: A02101947 | J33: 1 | K33: PCS | L33: TE | M33: 客户指定
A34: 30 | C34: 2377023-2 | D34: 0.64型端子 | E34: N | F34: A03033091 | J34: 15 | K34: PCS | L34: TE | M34: 客户指定
A35: 31 | C35: 2377789-2 | D35: 1.2型端子 | E35: N | F35: A03033363 | J35: 1 | K35: PCS | L35: TE | M35: 客户指定
A36: 32 | C36: 2377665-4 | D36: 防水栓（非1/8/15/22）-0.64型端子使用 | E36: N | F36: A03033097 | J36: 15 | K36: PCS | L36: TE | M36: 客户指定
A37: 33 | C37: 963142-1 | D37: 防水栓（1/8/15/22）-1.2型端子使用 | E37: N | F37: A03030849 | J37: 1 | K37: PCS | L37: TE | M37: 客户指定
A38: 34 | C38: 2377665-3 | D38: 盲栓（非1/8/15/22）-0.64型端子使用 | E38: N | F38: A02034386 | J38: 3 | K38: PCS | L38: TE | M38: 客户指定
A39: 35 | C39: 963143-1 | D39: 盲栓（1/8/15/22）-1.2型端子使用 | E39: N | F39: A02031363 | J39: 3 | K39: PCS | L39: TE | M39: 客户指定
A40: 36 | C40: BH4309802 | D40: 箭头扎带卡花 | E40: N | F40: A06100441 | J40: 1 | K40: PCS | L40: 博昊 | M40: 客户指定
A41: 37 | B41: HVSPC2P1900FV112 快充连接器（直流） 适配2*120mm²非屏蔽硅胶铝导线 ESOW：HVSPC2P1900FV112（安费诺，120方非屏蔽、CodeA、带互锁、90°正插） 3D数据：Code A0 90度 安费诺提供资料：180度 | C41: HVSPC2P1900FV1-M | D41: 护套-正插Code A0-90度 | E41: N | F41: A02105124 | J41: 1 | K41: PCS | L41: 安费诺 | M41: 客户指定
A42: 38 | C42: HVPC2P1900FV-06 | D42: 端子 | E42: N | F42: A03103434 | J42: 2 | K42: PCS | L42: 安费诺 | M42: 客户指定
A43: 39 | C43: HVPC2P1900FV-08 | D43: 密封圈挡板 | E43: N | F43: A02104536 | J43: 2 | K43: PCS | L43: 安费诺 | M43: 客户指定
A44: 40 | C44: HVPC2P1900FV-0985 | D44: 120mm²密封圈 | E44: N | F44: A02105127 | J44: 2 | K44: PCS | L44: 安费诺 | M44: 客户指定
A45: 41 | C45: HVSPC2P1900FF-09120 | D45: 120mm²线夹 | E45: N | F45: A02105130 | J45: 2 | K45: PCS | L45: 安费诺 | M45: 客户指定
A46: 42 | C46: HVSPC2P1900FF-07120 | D46: 120mm²后盖 | E46: N | F46: A02105125 | J46: 2 | K46: PCS | L46: 安费诺 | M46: 客户指定
A47: 43 | B47: HVC2PG263UFSW106-NH 慢充连接器（交流） 适配2*6mm²非屏蔽铝导线 （安费诺，取消互锁，工具解锁，6方非屏蔽铝线，超声波焊接） | C47: HVC2PG263FSW1-M-NH-P010 | D47: 插头组件Code A 无高压互锁 | E47: N | F47: A02104803 | J47: 1 | K47: PCS | L47: 安费诺 | M47: 客户指定
A48: 44 | C48: N022525343C-P010 | D48: 6.3母端子(2.5-6mm²) | E48: N | F48: A03101971 | J48: 2 | K48: PCS | L48: 安费诺 | M48: 客户指定
A49: 45 | C49: HVC2P63FS-10-0902-P010 | D49: HVC2P63-02线束密封圈 白色 | E49: N | F49: A02105128 | J49: 1 | K49: PCS | L49: 安费诺 | M49: 客户指定
A50: 46 | C50: HVC2P63UFS-21-0306-P010 | D50: HVC2P63插头06非屏蔽线卡 紫色 | E50: N | F50: A02105123 | J50: 1 | K50: PCS | L50: 安费诺 | M50: 客户指定
A51: 47 | C51: HVC2P63UFS-22-0306-P010 | D51: HVC2P63插头06非屏蔽后盖 紫色 | E51: N | F51: A02105126 | J51: 1 | K51: PCS | L51: 安费诺 | M51: 客户指定
A52: 48 | B52: AC接地端子 | C52: K03006773 | D52: AC接地端子 | E52: N | F52: A03103446 | J52: 1 | K52: PCS | L52: 丰迪 | M52: ★
A53: 49 | B53: DC接地端子 | C53: K03005541 | D53: DC接地端子 | E53: N | F53: A03101932 | J53: 1 | K53: PCS | L53: 丰迪 | M53: ★
A54: 50 | B54: AC-PE和DC-PE热缩管 | C54: HDGW 12-30 | D54: 带胶-热缩管-黑色 | E54: N | F54: A04102221 | J54: 2 | K54: PCS | L54: 长春海达 | M54: ★
A55: 51 | B55: 电子锁低压线并线焊接热缩 | C55: DPHS12-X0-5.75/1.27-L30 | D55: 带胶-热缩管-透明 | E55: N | F55: A04101758 | J55: 1 | K55: PCS | L55: 双宇 | M55: ★
A56: 52 | C56: FHLALR2G/120.0/橙 | D56: 120mm²单芯非屏蔽铝导线 | E56: N | F56: A01101891 | H56: =2271/1000 -> 2.271 | J56: 2.4 | K56: M | L56: 鑫宏业 | M56: ★
A57: 53 | C57: FHLAL91X/6.0/橙/AL8 | D57: 6mm²单芯非屏蔽铝导线 | E57: N | F57: A01103404 | H57: =2846/1000 -> 2.846 | J57: 2.86 | K57: M | L57: 鑫宏业 | M57: ★
A58: 54 | C58: FHL91X/6.0/黄绿 | D58: 6mm²单芯铜导线 | E58: N | F58: A01102926 | H58: =230/1000 -> 0.23 | J58: 0.26 | K58: M | L58: 鑫宏业 | M58: ★
A59: 55 | C59: FHL91X/5.0/黄绿 | D59: 5mm²单芯铜导线 | E59: N | F59: A01103405 | H59: =223/1000 -> 0.223 | J59: 0.25 | K59: M | L59: 鑫宏业 | M59: ★
A60: 56 | C60: FLRY-B/0.5/棕兰 | D60: 0.5低压导线 | E60: N | F60: A01011830 | H60: 8.2 | J60: 0.56 | K60: M | L60: 福斯 | M60: ★
A61: 57 | C61: FLRY-B/0.5/棕 | D61: 0.5低压导线 | E61: N | F61: A01011832 | J61: 0.51 | K61: M | L61: 福斯 | M61: ★
A62: 58 | C62: FLRY-B/0.5/兰黄 | D62: 0.5低压导线 | E62: N | F62: A01011805 | J62: 0.51 | K62: M | L62: 福斯 | M62: ★
A63: 59 | C63: FLRY-B/0.5/红 | D63: 0.5低压导线 | E63: N | F63: A01011755 | J63: 0.51 | K63: M | L63: 福斯 | M63: ★
A64: 60 | C64: FLRY-B/0.5/黑 | D64: 0.5低压导线 | E64: N | F64: A01011796 | J64: 1 | K64: M | L64: 福斯 | M64: ★
A65: 61 | C65: FLRY-B/0.5/兰 | D65: 0.5低压导线 | E65: N | F65: A01011808 | J65: 0.51 | K65: M | L65: 福斯 | M65: ★
A66: 62 | C66: FLRY-B/0.5/黄黑 | D66: 0.5低压导线 | E66: N | F66: A01011774 | J66: 0.56 | K66: M | L66: 福斯 | M66: ★
A67: 63 | C67: FLRY-B/0.5/白 | D67: 0.5低压导线 | E67: N | F67: A01011749 | J67: 0.56 | K67: M | L67: 福斯 | M67: ★
A68: 64 | C68: FLRY-B/0.5/黄 | D68: 0.5低压导线 | E68: N | F68: A01011771 | J68: 0.56 | K68: M | L68: 福斯 | M68: ★
A69: 65 | C69: FLRY-B/0.5/黑白 | D69: 0.5低压导线 | E69: N | F69: A01011792 | J69: 0.56 | K69: M | L69: 福斯 | M69: ★
A70: 66 | C70: FLRY-B/0.5/黄白 | D70: 0.5低压导线 | E70: N | F70: A01011769 | J70: 0.56 | K70: M | L70: 福斯 | M70: ★
A71: 67 | C71: FLRY-B/0.5/红白 | D71: 0.5低压导线 | E71: N | F71: A01011754 | J71: 0.56 | K71: M | L71: 福斯 | M71: ★
A72: 68 | C72: FLRY-B/0.5/绿白 | D72: 0.5低压导线 | E72: N | F72: A01011780 | J72: 0.56 | K72: M | L72: 福斯 | M72: ★
... A91: 87 | C91: E281-XJ-04 | D91: 橡胶件 | E91: N | F91: A04102666 | J91: 1 | K91: PCS | L91: 博昊 | M91: ★
A92: 88 | B92: 原E281-XJ-11 | C92: E281-XJ-09 | D92: 橡胶件 | E92: N | F92: A04102661 | J92: 1 | K92: PCS | L92: 博昊 | M92: ★
A93: 89 | C93: PP9104320 | D93: 7*12箭头扎带 | E93: N | F93: A06101606 | J93: 3 | K93: PCS | L93: 上海众安 | M93: ★
A94: 90 | C94: 126-00177 | D94: M6.5箭头卡扣 | E94: N | F94: A06004365 | J94: 1 | K94: PCS | L94: 海尔曼太通 | M94: ★
A95: 91 | C95: PP9122201 | D95: M6立置螺柱卡 | E95: N | F95: A06101666 | J95: 1 | K95: PCS | L95: 上海众安 | M95: ★
A96: 92 | C96: PP9120801 | D96: M6侧置螺柱卡 | E96: N | F96: A06004924 | J96: 1 | K96: PCS | L96: 上海众安 | M96: ★
A97: 93 | C97: PP9117701 | D97: M6杉树卡扣 | E97: N | F97: A06004922 | J97: 1 | K97: PCS | L97: 上海众安 | M97: ★
A98: 94 | C98: 111-00563 | D98: 扎带绳 | E98: N | F98: A06010012 | J98: 4 | K98: PCS | L98: 海尔曼太通 | M98: ★
A99: 95 | C99: 111-00580 | D99: 扎带绳 | E99: N | F99: A06000221 | J99: 4 | K99: PCS | L99: 海尔曼太通 | M99: ★
A100: 96 | C100: PP9127401 | D100: 隔线扎带绳 | E100: N | F100: A06101064 | J100: 1 | K100: PCS | L100: 上海众安 | M100: ★
A101: 97 | C101: X1-BQ-01 标签140x30mm | D101: 产品标签 | E101: N | F101: 70002326 | J101: 1 | K101: PCS | L101: 洪众
D232: 11

Sheet 6608507680
A1: Version 版本 | B1: Draw No. 图纸号 | C1: entry name 项目名称 | D1: Harness number 零件号 | E1: Harness Name 零件名称 | F1: Draw Version 图纸版本 | G1: Creat Date 报价日期 | H1: Recent AEM 最新AEM | I1: Total Wire 总回路数 | J1: Total Wire length 总导线长度 | K1: Total Connector 总护套数 | L1: Total Terminal 总端子数
A2: V01 | C2: E281 | D2: 6608507680 | E2: 组合式充电插座线束总成
A4: NO. | B4: Function 功能 | C4: Part Number 零件号 | D4: Part Name 零件名称 | E4: Semi-Finished 是否半成品 | F4: Wire NO. 回路号 | G4: PIN | H4: OPTION | I4: SPEC 规格 | J4: Quantity 数量 | K4: Unit 单位 | L4: Remark | M4: Other-Remark 其他备注 | N4: Sub-Part Number 半成品号 | O4: Sub-Part Name 半成品名称 | P4: Sub-Part Quantity 半成品数量 | Q4: Sub-Part Unit 单位
A5: 1 | B5: 2523328-1 组合式充电插座(带电子锁，防尘盖) DC：120mm²非屏蔽硅胶铝导线 AC：6mm²非屏蔽铝导线 DC接地：6mm²非屏蔽黄绿铜导线 AC接地：5mm²非屏蔽黄绿铜导线 | C5: 2519063-1 | D5: 防尘盖组件 | E5: N | F5: A02105132 | J5: 1 | K5: PCS | L5: TE | M5: 客户指定 | N5: =VLOOKUP(F5,#REF!,2,0) -> #REF! | O5: =J5*105 -> 105 | P5: =N5-O5 -> #REF!
A6: 2 | C6: 2490531-6 | D6: 法兰盘面板 | E6: N | F6: A05100638 | J6: 1 | K6: PCS | L6: TE | M6: 客户指定 | N6: =VLOOKUP(F6,#REF!,2,0) -> #REF! | O6: =J6*105 -> 105 | P6: =N6-O6 -> #REF!
A7: 3 | C7: 2521766-1 | D7: 直流壳体组件 | E7: N | F7: A05100637 | J7: 1 | K7: PCS | L7: TE | M7: 客户指定 | N7: =VLOOKUP(F7,#REF!,2,0) -> #REF! | O7: =J7*105 -> 105 | P7: =N7-O7 -> #REF!
A8: 4 | C8: 2495482-6 | D8: DC-焊接端子组件 | E8: N | F8: A03103436 | J8: 2 | K8: PCS | L8: TE | M8: 客户指定 | N8: =VLOOKUP(F8,#REF!,2,0) -> #REF! | O8: =J8*105 -> 210 | P8: =N8-O8 -> #REF!
A9: 5 | C9: 2521057-1 | D9: DC-PE-压接端子 | E9: N | F9: A05100556 | J9: 1 | K9: PCS | L9: TE | M9: 客户指定 | N9: =VLOOKUP(F9,#REF!,2,0) -> #REF! | O9: =J9*105 -> 105 | P9: =N9-O9 -> #REF!
A10: 6 | C10: 2411162-9 | D10: 密封圈-DC-焊接端子 | E10: N | F10: A02104529 | J10: 2 | K10: PCS | L10: TE | M10: 客户指定 | N10: =VLOOKUP(F10,#REF!,2,0) -> #REF! | O10: =J10*105 -> 210 | P10: =N10-O10 -> #REF!
A11: 7 | C11: 2403723-6 | D11: PE线密封圈 | E11: N | F11: A02104531 | J11: 1 | K11: PCS | L11: TE | M11: 客户指定 | N11: =VLOOKUP(F11,#REF!,2,0) -> #REF! | O11: =J11*105 -> 105 | P11: =N11-O11 -> #REF!
A12: 8 | C12: 2403722-7 | D12: PE尾盖 | E12: N | F12: A02104533 | J12: 1 | K12: PCS | L12: TE | M12: 客户指定 | N12: =VLOOKUP(F12,#REF!,2,0) -> #REF! | O12: =J12*105 -> 105 | P12: =N12-O12 -> #REF!
A13: 9 | C13: 2406408-1 | D13: DC线密封圈 | E13: N | F13: A02105133 | J13: 2 | K13: PCS | L13: TE | M13: 客户指定 | N13: =VLOOKUP(F13,#REF!,2,0) -> #REF! | O13: =J13*105 -> 210 | P13: =N13-O13 -> #REF!
A14: 10 | C14: 2406406-1 | D14: DC尾盖 | E14: N | F14: A02105131 | J14: 2 | K14: PCS | L14: TE | M14: 客户指定 | N14: =VLOOKUP(F14,#REF!,2,0) -> #REF! | O14: =J14*105 -> 210 | P14: =N14-O14 -> #REF!
A15: 11 | C15: 2517495-1 | D15: 交流壳体组件 | E15: N | F15: A05100636 | J15: 1 | K15: PCS | L15: TE | M15: 客户指定 | N15: =VLOOKUP(F15,#REF!,2,0) -> #REF! | O15: =J15*105 -> 105 | P15: =N15-O15 -> #REF!
A16: 12 | C16: 2519345-1 | D16: AC+AC-PE焊接端子 | E16: N | F16: A03103175 | J16: 3 | K16: PCS | L16: TE | M16: 客户指定 | N16: =VLOOKUP(F16,#REF!,2,0) -> #REF! | O16: =J16*105 -> 315 | P16: =N16-O16 -> #REF!
A17: 13 | C17: 2500438-1 | D17: 密封圈-AC+AC-PE焊接端子 | E17: N | F17: A02104528 | J17: 3 | K17: PCS | L17: TE | M17: 客户指定 | N17: =VLOOKUP(F17,#REF!,2,0) -> #REF! | O17: =J17*105 -> 315 | P17: =N17-O17 -> #REF!
... A22: 18 | C22: 2333693-1 | D22: M5螺栓 | E22: N | F22: A07003209 | J22: 4 | K22: PCS | L22: TE | M22: 客户指定 | N22: =VLOOKUP(F22,#REF!,2,0) -> #REF! | O22: =J22*105 -> 420 | P22: =N22-O22 -> #REF!
A23: 19 | B23: 1-2438787-1 DC 8PIN低压信号连接器 适配8*0.5mm²线 | C23: 1-2438787-1 | D23: DC端低压插件-8pin | E23: N | F23: A02100365 | J23: 1 | K23: PCS | L23: TE | M23: 客户指定
A24: 20 | C24: 7-2435189-1 | D24: 低压线端子-链式压接 | E24: N | F24: A03033043 | J24: 8 | K24: PCS | L24: TE | M24: 客户指定
A25: 21 | C25: 5-2435022-1 | D25: 低压线防水栓 | E25: N | F25: A03100681 | J25: 8 | K25: PCS | L25: TE | M25: 客户指定
A26: 22 | B26: 1-2355517-5 AC 6PIN低压信号连接器, 6#不使用 适配5*0.5方单芯铜导线 | C26: 1-2355517-5 | D26: AC端低压插件-5pin | E26: N | F26: A02034551 | J26: 1 | K26: PCS | L26: TE | M26: 客户指定
A27: 23 | C27: 7-2435189-1 | D27: 低压线端子-链式压接 | E27: N | F27: A03033043 | J27: 5 | K27: PCS | L27: TE | M27: 客户指定
A28: 24 | C28: 5-2435022-1 | D28: 低压线防水栓 | E28: N | F28: A03100681 | J28: 5 | K28: PCS | L28: TE | M28: 客户指定
A29: 25 | C29: 5-2435306-1 | D29: 盲堵 | E29: N | F29: A02101106 | J29: 1 | K29: PCS | L29: TE | M29: 客户指定
A30: 26 | B30: 2298159-1 电子锁低压连接器总成 适配4*0.5mm²单芯铜导线 | C30: 2298159-1 | D30: 电子锁低压插件-4pin | E30: N | F30: A02033733 | J30: 1 | K30: PCS | L30: TE | M30: 客户指定
A31: 27 | C31: 5-965906-1 | D31: 电子锁低压端子-链式压接 | E31: N | F31: A03030931 | J31: 4 | K31: PCS | L31: TE | M31: 客户指定
A32: 28 | C32: 5-2435022-1 | D32: 低压线防水栓 | E32: N | F32: A03100681 | J32: 4 | K32: PCS | L32: TE | M32: 客户指定
A33: 29 | B33: 5-2385463-1 低压inline连接器总成，22pin使用16pin 4#8#13#15#16#22#不使用 适配16*0.5mm²单芯铜导线 | C33: 5-2385463-1 | D33: 护套塑壳 | E33: N | F33: A02101947 | J33: 1 | K33: PCS | L33: TE | M33: 客户指定
A34: 30 | C34: 2377023-2 | D34: 0.64型端子 | E34: N | F34: A03033091 | J34: 15 | K34: PCS | L34: TE | M34: 客户指定
A35: 31 | C35: 2377789-2 | D35: 1.2型端子 | E35: N | F35: A03033363 | J35: 1 | K35: PCS | L35: TE | M35: 客户指定
A36: 32 | C36: 2377665-4 | D36: 防水栓（非1/8/15/22）-0.64型端子使用 | E36: N | F36: A03033097 | J36: 15 | K36: PCS | L36: TE | M36: 客户指定
A37: 33 | C37: 963142-1 | D37: 防水栓（1/8/15/22）-1.2型端子使用 | E37: N | F37: A03030849 | J37: 1 | K37: PCS | L37: TE | M37: 客户指定
A38: 34 | C38: 2377665-3 | D38: 盲栓（非1/8/15/22）-0.64型端子使用 | E38: N | F38: A02034386 | J38: 3 | K38: PCS | L38: TE | M38: 客户指定
A39: 35 | C39: 963143-1 | D39: 盲栓（1/8/15/22）-1.2型端子使用 | E39: N | F39: A02031363 | J39: 3 | K39: PCS | L39: TE | M39: 客户指定
A40: 36 | C40: BH4309802 | D40: 箭头扎带卡花 | E40: N | F40: A06100441 | J40: 1 | K40: PCS | L40: 博昊 | M40: 客户指定
A41: 37 | B41: HVSPC2P1900FS112 快充连接器（直流） 适配2*120mm²非屏蔽硅胶铝导线 ESOW：HVSPC2P1900FS112（安费诺，120方非屏蔽、CodeA、带互锁、180°正插） 3D数据：Code A0 180度 安费诺提供资料：180度 | C41: HVSPC2P1900FS1-M | D41: 护套-正插Code A0-180度 | E41: N | F41: A02105129 | J41: 1 | K41: PCS | L41: 安费诺 | M41: 客户指定
A42: 38 | C42: HVPC2P1900FS-05 | D42: 端子 | E42: N | F42: A03103435 | J42: 2 | K42: PCS | L42: 安费诺 | M42: 客户指定
A43: 39 | C43: HVPC2P1900FV-08 | D43: 密封圈挡板 | E43: N | F43: A02104536 | J43: 2 | K43: PCS | L43: 安费诺 | M43: 客户指定
A44: 40 | C44: HVPC2P1900FV-0985 | D44: 120mm²密封圈 | E44: N | F44: A02105127 | J44: 2 | K44: PCS | L44: 安费诺 | M44: 客户指定
A45: 41 | C45: HVSPC2P1900FF-09120 | D45: 120mm²线夹 | E45: N | F45: A02105130 | J45: 2 | K45: PCS | L45: 安费诺 | M45: 客户指定
A46: 42 | C46: HVSPC2P1900FF-07120 | D46: 120mm²后盖 | E46: N | F46: A02105125 | J46: 2 | K46: PCS | L46: 安费诺 | M46: 客户指定
A47: 43 | B47: HVC2PG263UFSW106-NH 慢充连接器（交流） 适配2*6mm²非屏蔽铝导线 （安费诺，取消互锁，工具解锁，6方非屏蔽铝线，超声波焊接） | C47: HVC2PG263FSW1-M-NH-P010 | D47: 插头组件Code A 无高压互锁 | E47: N | F47: A02104803 | J47: 1 | K47: PCS | L47: 安费诺 | M47: 客户指定
A48: 44 | C48: N022525343C-P010 | D48: 6.3母端子(2.5-6mm²) | E48: N | F48: A03101971 | J48: 2 | K48: PCS | L48: 安费诺 | M48: 客户指定
A49: 45 | C49: HVC2P63FS-10-0902-P010 | D49: HVC2P63-02线束密封圈 白色 | E49: N | F49: A02105128 | J49: 1 | K49: PCS | L49: 安费诺 | M49: 客户指定
A50: 46 | C50: HVC2P63UFS-21-0306-P010 | D50: HVC2P63插头06非屏蔽线卡 紫色 | E50: N | F50: A02105123 | J50: 1 | K50: PCS | L50: 安费诺 | M50: 客户指定
A51: 47 | C51: HVC2P63UFS-22-0306-P010 | D51: HVC2P63插头06非屏蔽后盖 紫色 | E51: N | F51: A02105126 | J51: 1 | K51: PCS | L51: 安费诺 | M51: 客户指定
A52: 48 | B52: AC接地端子 | C52: K03006773 | D52: AC接地端子 | E52: N | F52: A03103446 | J52: 1 | K52: PCS | L52: 丰迪 | M52: ★
A53: 49 | B53: DC接地端子 | C53: K03005541 | D53: DC接地端子 | E53: N | F53: A03101932 | J53: 1 | K53: PCS | L53: 丰迪 | M53: ★
A54: 50 | B54: AC-PE和DC-PE热缩管 | C54: HDGW 12-30 | D54: 带胶-热缩管-黑色 | E54: N | F54: A04102221 | J54: 2 | K54: PCS | L54: 长春海达 | M54: ★
A55: 51 | B55: 电子锁低压线并线焊接热缩 | C55: DPHS12-X0-5.75/1.27-L30 | D55: 带胶-热缩管-透明 | E55: N | F55: A04101758 | J55: 1 | K55: PCS | L55: 双宇 | M55: ★
A56: 52 | C56: FHLALR2G/120.0/橙 | D56: 120mm²单芯非屏蔽铝导线 | E56: N | F56: A01101891 | I56: =3113/1000 -> 3.113 | J56: 3.29 | K56: M | L56: 鑫宏业 | M56: ★
A57: 53 | C57: FHLAL91X/6.0/橙/AL8 | D57: 6mm²单芯非屏蔽铝导线 | E57: N | F57: A01103404 | I57: =2846/1000 -> 2.846 | J57: 2.86 | K57: M | L57: 鑫宏业 | M57: ★
A58: 54 | C58: FHL91X/6.0/黄绿 | D58: 6mm²单芯铜导线 | E58: N | F58: A01102926 | I58: =230/1000 -> 0.23 | J58: 0.26 | K58: M | L58: 鑫宏业 | M58: ★
A59: 55 | C59: FHL91X/5.0/黄绿 | D59: 5mm²单芯铜导线 | E59: N | F59: A01103405 | I59: =223/1000 -> 0.223 | J59: 0.25 | K59: M | L59: 鑫宏业 | M59: ★
A60: 56 | C60: FLRY-B/0.5/棕兰 | D60: 0.5低压导线 | E60: N | F60: A01011830 | I60: 8.2 | J60: 0.56 | K60: M | L60: 福斯 | M60: ★
A61: 57 | C61: FLRY-B/0.5/棕 | D61: 0.5低压导线 | E61: N | F61: A01011832 | J61: 0.51 | K61: M | L61: 福斯 | M61: ★
A62: 58 | C62: FLRY-B/0.5/兰黄 | D62: 0.5低压导线 | E62: N | F62: A01011805 | J62: 0.51 | K62: M | L62: 福斯 | M62: ★
A63: 59 | C63: FLRY-B/0.5/红 | D63: 0.5低压导线 | E63: N | F63: A01011755 | J63: 0.51 | K63: M | L63: 福斯 | M63: ★
A64: 60 | C64: FLRY-B/0.5/黑 | D64: 0.5低压导线 | E64: N | F64: A01011796 | J64: 1 | K64: M | L64: 福斯 | M64: ★
A65: 61 | C65: FLRY-B/0.5/兰 | D65: 0.5低压导线 | E65: N | F65: A01011808 | J65: 0.51 | K65: M | L65: 福斯 | M65: ★
A66: 62 | C66: FLRY-B/0.5/黄黑 | D66: 0.5低压导线 | E66: N | F66: A01011774 | J66: 0.56 | K66: M | L66: 福斯 | M66: ★
A67: 63 | C67: FLRY-B/0.5/白 | D67: 0.5低压导线 | E67: N | F67: A01011749 | J67: 0.56 | K67: M | L67: 福斯 | M67: ★
A68: 64 | C68: FLRY-B/0.5/黄 | D68: 0.5低压导线 | E68: N | F68: A01011771 | J68: 0.56 | K68: M | L68: 福斯 | M68: ★
A69: 65 | C69: FLRY-B/0.5/黑白 | D69: 0.5低压导线 | E69: N | F69: A01011792 | J69: 0.56 | K69: M | L69: 福斯 | M69: ★
A70: 66 | C70: FLRY-B/0.5/黄白 | D70: 0.5低压导线 | E70: N | F70: A01011769 | J70: 0.56 | K70: M | L70: 福斯 | M70: ★
A71: 67 | C71: FLRY-B/0.5/红白 | D71: 0.5低压导线 | E71: N | F71: A01011754 | J71: 0.56 | K71: M | L71: 福斯 | M71: ★
A72: 68 | C72: FLRY-B/0.5/绿白 | D72: 0.5低压导线 | E72: N | F72: A01011780 | J72: 0.56 | K72: M | L72: 福斯 | M72: ★
... A93: 89 | C93: E281-XJ-05 | D93: 橡胶件 | E93: N | F93: A04102660 | J93: 2 | K93: PCS | L93: 博昊 | M93: ★
A94: 90 | B94: 原E281-XJ-11 | C94: E281-XJ-09 | D94: 橡胶件 | E94: N | F94: A04102661 | J94: 1 | K94: PCS | L94: 博昊 | M94: ★
A95: 91 | C95: PP9104320 | D95: 7*12箭头扎带 | E95: N | F95: A06101606 | J95: 3 | K95: PCS | L95: 上海众安 | M95: ★
A96: 92 | C96: 126-00177 | D96: M6.5箭头卡扣 | E96: N | F96: A06004365 | J96: 1 | K96: PCS | L96: 海尔曼太通 | M96: ★
A97: 93 | C97: PP9122201 | D97: M6立置螺柱卡 | E97: N | F97: A06101666 | J97: 1 | K97: PCS | L97: 上海众安 | M97: ★
A98: 94 | C98: PP9120801 | D98: M6侧置螺柱卡 | E98: N | F98: A06004924 | J98: 1 | K98: PCS | L98: 上海众安 | M98: ★
A99: 95 | C99: PP9117701 | D99: M6杉树卡扣 | E99: N | F99: A06004922 | J99: 1 | K99: PCS | L99: 上海众安 | M99: ★
A100: 96 | C100: 111-00563 | D100: 扎带绳 | E100: N | F100: A06010012 | J100: 6 | K100: PCS | L100: 海尔曼太通 | M100: ★
A101: 97 | C101: 111-00580 | D101: 扎带绳 | E101: N | F101: A06000221 | J101: 4 | K101: PCS | L101: 海尔曼太通 | M101: ★
A102: 98 | C102: PP9127401 | D102: 隔线扎带绳 | E102: N | F102: A06101064 | J102: 1 | K102: PCS | L102: 上海众安 | M102: ★
A103: 99 | C103: X1-BQ-01 标签140x30mm | D103: 产品标签 | E103: N | F103: 70002326 | J103: 1 | K103: PCS | L103: 洪众
D234: 11
